Brüt Metrekare,Binanın Yaşı,Binanın Kat Sayısı,Kullanım Durumu,Yapı Durumu,Eşya Durumu,Banyo Sayısı,Türü,Net Metrekare,Oda Sayısı,Bulunduğu Kat,Isıtma Tipi,Site İçerisinde,Kategori,Fiyat,Şehir,İlçe,Mahalle
175,0,15,0,0,0,1,0,140,8,1,6,1,1,1900000,0,4,95
150,7,8,2,0,2,0,0,130,8,1,5,1,1,1300000,0,4,17
330,0,3,0,0,0,2,0,304,23,12,4,1,6,12500000,0,5,21
100,7,4,1,3,2,0,0,90,8,1,6,1,1,2320000,0,5,100
165,0,4,0,3,2,0,0,120,8,1,5,1,1,1450000,0,4,135
120,0,12,0,3,2,0,0,110,4,1,5,1,2,300000,0,4,2
170,5,4,0,3,0,0,0,140,8,1,4,1,1,1350000,0,5,11
110,8,10,2,3,2,0,0,100,4,1,5,1,1,1099000,0,5,38
75,8,3,1,3,0,0,0,65,4,1,5,1,1,760000,0,5,31
175,0,10,0,3,2,1,0,140,8,1,4,1,1,2580000,0,5,78
210,0,13,0,3,2,1,0,190,12,1,5,1,1,3940000,0,4,111
155,5,3,1,2,2,0,0,120,8,1,4,1,1,1150000,0,4,93
300,0,3,0,1,2,2,0,250,22,12,4,1,6,19500000,0,7,105
175,0,14,0,3,0,1,0,155,8,1,6,1,1,1750000,0,5,37
165,5,7,2,3,2,0,0,150,8,1,4,1,1,1600000,0,4,51
230,5,2,0,3,2,0,0,189,28,12,8,1,4,600000,0,7,92
175,1,6,0,3,0,1,0,135,8,1,4,1,1,1625000,0,5,136
175,2,14,0,2,2,1,0,140,8,1,4,1,1,2050000,0,7,82
175,0,7,0,3,0,0,0,150,8,1,5,1,1,2750000,0,4,110
170,2,14,0,2,2,0,0,137,8,2,6,1,1,2150000,0,5,5
155,0,14,0,3,0,1,0,120,8,1,6,0,1,310000,0,5,107
185,4,9,0,3,0,1,0,165,12,1,5,1,1,2150000,0,4,89
185,5,12,1,2,2,0,0,160,8,9,6,1,1,1650000,0,4,33
180,0,10,0,0,0,1,0,140,8,1,5,1,1,1800000,0,4,89
110,8,11,0,3,2,0,0,100,4,1,6,1,1,1130000,0,5,9
130,5,10,0,2,0,0,0,120,8,1,4,1,1,1050000,0,5,75
185,8,14,0,3,0,1,0,165,8,1,5,0,1,1699000,0,7,82
120,5,4,1,2,2,0,0,100,8,1,4,1,1,1080000,0,5,49
145,3,10,0,2,0,0,0,130,8,1,6,1,1,1245000,0,5,109
165,6,10,0,2,2,0,0,130,8,1,5,1,1,1720000,0,5,94
165,8,12,1,3,2,1,0,120,8,1,5,0,1,1490000,0,4,22
165,7,12,1,3,2,1,0,130,8,1,5,0,1,1525000,0,4,22
155,2,14,0,3,2,0,0,135,8,1,6,1,1,1425000,0,7,82
100,8,4,1,2,2,0,0,90,4,1,6,1,1,1100000,0,8,113
250,0,2,0,3,0,3,0,220,16,12,9,1,6,12250000,0,7,105
300,0,2,0,0,2,3,0,258,14,8,4,1,1,10500000,0,7,92
130,0,5,0,3,2,0,0,100,4,0,6,1,1,1450000,0,5,67
120,5,2,1,3,0,0,0,100,8,12,8,1,4,1550000,0,5,118
650,0,2,0,3,0,2,0,260,8,12,4,1,6,4250000,0,4,53
160,8,12,2,3,2,1,0,125,8,1,6,1,1,1450000,0,5,49
95,0,9,0,3,2,0,0,80,1,1,6,1,1,775000,0,5,107
125,0,2,0,3,0,1,0,90,8,12,4,1,4,3250000,0,1,42
90,0,14,0,3,0,0,0,80,3,1,5,1,1,1375000,0,4,36
140,8,10,2,2,2,0,0,120,8,6,5,1,1,1230000,0,5,31
240,4,12,0,3,0,1,0,190,12,1,5,0,1,3975000,0,4,111
155,2,14,1,3,0,0,0,120,8,1,6,1,1,1449000,0,7,82
70,2,3,0,3,2,0,0,65,4,1,5,1,1,860000,0,5,31
175,0,6,0,3,2,0,0,145,8,1,4,1,1,1775000,0,4,89
175,3,11,0,3,0,0,0,145,8,1,6,0,1,1850000,0,5,5
185,7,13,2,3,0,1,0,145,12,1,5,1,1,2650000,0,7,82
140,4,5,1,3,0,0,0,120,8,1,4,1,1,1350000,0,4,89
165,0,10,0,3,0,1,0,120,8,1,5,1,1,1450000,0,5,16
220,1,9,1,3,0,1,0,175,12,1,5,1,1,4800000,0,5,124
255,2,14,0,3,2,1,0,220,12,2,7,1,1,4185000,0,5,55
130,8,6,1,2,1,0,0,112,8,11,6,0,1,1180000,0,5,31
130,0,14,0,3,2,0,0,120,4,1,6,1,1,30000,0,5,49
135,2,14,2,3,0,0,0,110,8,1,6,1,1,1075000,0,5,83
120,5,4,1,3,2,0,0,100,8,1,4,1,1,1080000,0,5,49
110,8,11,0,3,0,0,0,95,4,1,4,1,1,1280000,0,5,70
125,1,14,1,3,0,1,0,100,4,1,5,1,1,1580000,0,7,82
175,0,14,0,3,0,1,0,135,8,1,5,1,1,1950000,0,7,82
155,7,14,1,3,2,0,0,125,8,2,5,1,1,1650000,0,7,82
165,2,9,0,2,0,1,0,145,8,1,6,0,1,1615000,0,5,133
175,8,14,1,3,2,0,0,150,8,1,6,1,1,1650000,0,7,82
195,0,2,0,1,2,1,0,165,16,12,4,1,6,9100000,0,5,21
304,2,1,1,2,2,0,0,303,4,12,8,1,4,1450000,0,5,40
280,0,14,0,0,0,1,0,240,8,2,5,1,1,9100000,0,5,55
195,0,2,0,1,2,1,0,165,16,12,4,1,6,9050000,0,5,21
195,0,2,0,1,2,1,0,165,16,12,4,1,6,9100000,0,5,21
175,0,10,0,0,0,1,0,140,8,1,6,1,1,2580000,0,5,78
130,5,9,1,3,2,0,0,110,8,1,6,1,1,1360000,0,4,22
55,0,2,0,3,2,0,0,40,1,1,6,1,1,965000,0,7,82
165,8,11,2,2,0,0,0,130,8,1,4,1,1,1450000,0,5,50
165,2,8,0,3,2,0,0,135,8,1,5,1,1,1575000,0,7,16
95,0,6,0,0,0,1,0,75,4,1,5,1,1,1390000,0,7,73
60,8,9,0,3,0,0,0,45,1,1,6,1,1,975000,0,7,82
175,6,11,0,3,2,1,0,140,8,1,6,1,1,1850000,0,5,121
155,5,5,2,3,0,0,0,140,8,1,2,1,1,920000,0,5,56
170,8,12,1,3,1,1,0,140,8,1,6,1,1,1915000,0,5,0
220,0,2,0,3,0,1,0,180,10,12,9,0,6,7625000,0,5,65
60,8,9,0,3,0,0,0,45,1,1,6,1,1,950000,0,7,82
120,8,7,1,3,2,0,0,100,8,1,5,1,1,1230000,0,5,31
80,6,3,1,3,2,0,0,65,1,1,6,1,1,1095000,0,4,135
165,4,13,0,3,2,1,0,135,8,1,6,1,1,2185000,0,5,49
175,4,14,0,3,0,1,0,140,8,2,5,1,1,2500000,0,7,82
180,3,3,1,3,0,2,0,179,8,12,4,1,6,9500000,0,5,21
175,3,15,1,3,0,0,0,135,8,2,5,1,1,1170000,0,7,82
165,0,14,0,3,0,0,0,140,8,2,6,1,1,1500000,0,5,38
145,0,9,0,3,0,1,0,105,4,1,5,1,1,1450000,0,4,135
135,3,9,0,3,0,0,0,115,8,1,6,1,1,1280000,0,5,133
185,8,12,2,3,0,1,0,155,10,1,6,1,1,1950000,0,4,66
150,0,9,0,3,0,0,0,130,8,1,5,1,1,1900000,0,4,111
125,4,11,0,3,0,0,0,110,6,1,5,1,1,1649000,0,5,70
110,6,12,2,3,0,1,0,90,4,1,6,1,1,1250000,0,5,49
145,0,6,0,3,2,0,0,115,8,1,4,1,1,1800000,0,5,67
170,0,11,0,3,0,1,0,140,8,1,6,1,1,2350000,0,4,66
155,2,7,0,3,0,0,0,126,8,1,4,1,1,1950000,0,4,129
400,7,12,2,3,2,1,0,200,12,1,5,1,1,2750000,0,5,16
160,8,9,2,3,2,0,0,140,8,1,6,1,1,1395000,0,5,136
145,5,3,0,3,0,0,0,135,8,1,4,1,1,1350000,0,4,83
175,8,14,1,3,2,1,0,150,8,1,6,1,1,1950000,0,7,82
115,0,14,0,3,0,0,0,100,6,1,5,1,1,1700000,0,7,82
180,0,2,0,3,0,1,0,160,8,12,9,0,6,5500000,0,5,65
150,0,14,0,3,0,1,0,120,8,1,6,1,1,24000,0,5,49
165,0,14,0,3,2,1,0,150,8,1,5,1,1,2200000,0,5,49
717,5,1,0,3,0,0,0,716,8,12,8,1,4,2600000,0,4,120
645,5,1,0,3,2,0,0,640,1,6,8,1,1,945000,0,4,97
170,0,8,0,3,2,0,0,150,8,1,6,1,1,1585000,0,7,16
135,0,14,0,3,0,1,0,130,8,1,5,1,1,310000,0,5,121
175,7,14,0,3,0,0,0,145,8,1,5,1,1,2000000,0,7,82
180,8,12,2,3,0,1,0,140,8,1,4,0,1,2475000,0,5,48
375,0,2,0,3,0,2,0,220,14,12,4,0,6,5400000,0,3,32
140,2,14,1,3,0,0,0,120,8,2,5,1,1,1300000,0,7,82
250,0,2,0,3,0,3,0,214,20,12,9,0,6,9400000,0,5,39
187,7,11,0,3,0,1,0,150,8,1,5,0,1,1920000,0,5,133
165,0,9,0,3,0,1,0,130,8,1,5,1,1,1799000,0,4,135
175,2,4,0,2,2,1,0,160,12,1,4,1,1,1800000,0,1,92
120,3,15,0,2,2,0,0,100,8,1,5,1,1,1100000,0,7,82
280,2,13,0,3,0,1,0,250,20,2,6,1,1,6000000,0,5,5
180,2,10,0,3,0,0,0,160,10,1,6,0,1,3200000,0,5,124
165,3,3,1,3,0,0,0,135,8,1,4,1,1,1000000,0,4,93
165,1,7,0,3,0,1,0,135,8,1,4,1,1,1600000,0,5,136
175,1,9,0,3,0,1,0,140,8,1,5,0,1,1650000,0,5,40
200,0,2,0,3,0,2,0,150,10,12,4,1,6,7200000,0,5,7
150,3,9,0,2,0,0,0,120,8,1,6,1,1,1295000,0,5,49
180,7,14,0,3,2,1,0,150,8,1,5,1,1,1590000,0,5,133
110,0,4,0,0,0,0,0,90,4,9,5,1,1,1070000,0,5,83
165,8,12,0,3,2,1,0,135,8,1,5,1,1,2000000,0,5,67
140,0,12,0,3,2,1,0,125,8,1,5,1,1,2000000,0,4,101
65,1,1,2,3,2,0,0,50,1,12,8,1,4,945000,0,2,28
120,5,5,1,2,2,0,0,100,4,1,4,1,1,750000,0,5,56
187,1,14,0,2,2,1,0,150,8,2,6,1,1,2750000,0,7,82
110,3,5,0,3,0,0,0,95,4,1,6,1,1,1030000,0,4,113
95,8,6,1,2,0,0,0,85,4,9,5,0,1,1200000,0,5,31
350,2,2,0,3,0,3,0,300,21,12,3,1,4,2800000,0,4,25
175,2,8,1,2,0,0,0,150,8,1,4,0,1,1535000,0,5,49
140,5,6,1,3,0,0,0,115,6,1,6,1,1,1500000,0,4,33
180,2,1,2,3,0,0,0,150,12,12,8,1,4,1650000,0,4,25
240,2,14,0,3,0,2,0,200,16,2,6,1,1,2450000,0,7,16
330,3,3,2,3,0,2,0,300,22,12,8,1,6,10500000,0,5,21
150,8,7,1,3,0,0,0,130,8,1,4,1,1,900000,0,5,18
90,5,3,0,3,0,0,0,80,8,1,4,1,1,525000,0,5,11
180,5,1,2,3,0,0,0,150,8,12,8,1,4,2000000,0,4,10
150,0,10,0,3,0,1,0,115,8,1,5,1,1,2150000,0,7,117
380,2,2,2,3,0,3,0,320,26,7,3,1,1,13285000,0,5,60
700,1,3,2,3,0,3,0,300,16,12,4,1,6,9250000,0,5,7
130,5,2,2,3,0,0,0,120,4,12,1,1,4,1899000,0,4,64
170,4,11,2,3,0,1,0,130,8,1,5,1,1,1500000,0,5,107
275,2,10,0,3,0,1,0,250,12,1,4,0,1,2450000,0,5,133
160,8,7,1,3,2,1,0,120,8,1,4,1,1,1345000,0,4,2
170,2,14,1,3,0,1,0,120,8,2,6,1,1,1900000,0,7,16
298,2,3,2,3,0,1,0,110,8,12,4,1,6,3500000,0,5,19
150,8,8,2,2,1,0,0,120,8,1,4,1,1,1450000,0,5,11
95,0,7,0,0,0,1,0,75,4,1,5,1,1,1450000,0,7,73
234,6,14,0,3,2,1,0,200,12,2,6,1,1,4750000,0,5,124
210,0,14,0,3,2,1,0,180,12,1,6,1,1,3475000,0,7,82
175,0,9,0,3,0,1,0,135,8,1,5,0,1,2235000,0,4,95
150,8,14,0,3,0,0,0,135,8,2,6,1,1,1330000,0,7,82
170,0,12,0,3,2,1,0,139,12,1,5,1,2,1220000,0,5,133
130,1,5,0,3,2,0,0,120,8,1,4,1,1,1800000,0,1,15
140,1,5,0,3,2,0,0,130,8,1,6,1,1,1450000,0,1,42
170,6,11,2,3,2,0,0,125,8,2,5,1,1,1950000,0,5,70
175,0,13,0,0,2,1,0,140,8,1,5,0,1,1879000,0,5,121
180,8,8,1,3,2,0,0,135,8,1,4,0,1,1535000,0,5,49
150,8,9,2,3,2,0,0,120,8,1,6,1,1,1375000,0,5,133
125,5,3,2,2,2,0,0,100,8,1,4,1,1,875000,0,1,134
170,0,14,0,3,2,1,0,145,12,1,5,1,2,650000,0,5,121
100,3,7,0,3,2,0,0,80,8,1,6,1,1,845000,0,5,1
120,0,14,0,3,0,0,0,100,6,2,6,1,1,1415000,0,7,82
115,7,9,0,3,0,0,0,90,4,1,4,1,1,1295000,0,5,0
520,3,2,0,3,0,1,0,500,8,12,4,1,4,2000000,0,7,20
185,2,10,2,2,0,0,0,155,8,1,4,1,1,1472000,0,5,121
175,6,14,1,3,0,1,0,145,8,1,6,1,1,2289000,0,7,82
90,8,14,1,3,0,0,0,75,4,1,6,1,1,875000,0,7,82
145,2,14,2,3,0,0,0,120,8,1,6,1,1,1340000,0,7,82
2141,5,1,0,3,0,1,0,300,9,12,4,1,4,5500000,0,7,127
120,0,14,0,3,0,1,0,95,4,1,6,0,1,290000,0,5,121
175,7,11,1,3,0,1,0,140,8,1,6,1,1,1840000,0,5,121
350,7,3,1,3,0,2,0,300,24,7,4,1,1,1800000,0,5,30
310,5,1,2,3,0,0,0,100,4,12,8,1,4,850000,0,4,95
170,0,7,0,3,0,1,0,169,8,1,4,1,1,1790000,0,4,95
150,0,5,0,0,0,1,0,125,8,9,4,0,1,1750000,0,1,86
170,6,12,1,3,0,1,0,145,8,1,5,1,1,1700000,0,5,49
170,8,14,0,2,0,0,0,132,8,1,6,1,1,1735000,0,7,82
160,3,7,0,3,0,0,0,130,8,1,6,1,1,1585000,0,4,33
135,8,4,0,3,2,1,0,120,8,1,4,1,1,1750000,0,1,116
230,0,13,0,0,2,1,0,200,12,1,7,1,1,3150000,0,4,36
150,0,14,0,3,2,1,0,120,8,1,6,1,1,24000,0,5,49
150,8,12,0,3,2,1,0,130,8,1,5,1,1,1750000,0,7,117
165,8,14,1,3,0,1,0,135,8,6,5,1,1,1650000,0,5,49
575,1,1,0,3,0,0,0,85,4,12,8,1,6,2600000,0,4,59
135,2,15,0,3,2,1,0,110,8,2,6,1,1,1200000,0,5,136
165,8,10,2,3,0,0,0,130,8,1,4,1,1,1450000,0,5,133
165,0,10,0,3,0,1,0,135,10,1,5,1,1,1949000,0,4,96
155,3,11,0,2,0,0,0,125,8,1,6,1,1,1340000,0,4,22
125,5,3,1,2,0,0,0,100,8,9,8,1,1,1020000,0,7,63
165,8,8,0,3,2,1,0,130,8,1,4,0,1,1390000,0,5,52
180,0,7,0,3,2,1,0,150,10,1,4,1,1,3200000,0,5,48
185,0,14,0,0,2,1,0,145,8,1,5,1,1,2750000,0,7,82
170,7,4,2,2,2,1,0,135,8,1,5,1,1,1850000,0,5,121
180,1,13,2,3,0,1,0,179,8,2,6,1,1,1930000,0,4,66
165,0,2,0,0,0,1,0,125,8,12,4,0,6,4500000,0,4,36
160,5,4,2,3,0,0,0,135,8,6,6,1,1,1550000,0,4,43
175,8,12,2,3,0,0,0,150,8,1,6,1,1,3500000,0,5,77
185,6,14,0,3,0,1,0,155,12,2,5,1,1,3100000,0,7,82
115,6,5,2,3,0,0,0,90,4,1,4,1,1,1450000,0,4,89
140,0,14,2,3,0,0,0,130,6,9,6,1,1,1400000,0,4,117
240,2,13,0,3,1,0,0,200,12,1,5,1,1,2875000,0,7,82
524,8,2,2,3,0,1,0,218,16,12,4,0,6,7250000,0,5,39
160,3,6,0,3,2,1,0,120,8,1,6,1,1,2750000,0,5,5
185,8,13,0,3,0,1,0,165,8,1,6,1,1,2300000,0,5,48
246,3,4,1,3,0,3,0,110,4,12,4,1,4,2900000,0,5,30
175,3,4,2,3,0,0,0,155,8,1,4,1,1,1320000,0,5,72
220,8,4,0,3,2,1,0,190,12,1,5,1,1,2350000,0,5,133
180,0,14,0,3,0,1,0,140,12,1,5,1,1,2585000,0,7,82
160,5,11,0,3,0,1,0,130,8,1,6,1,1,1800000,0,5,88
117,6,10,0,3,2,1,0,105,4,1,6,1,1,1390000,0,5,121
175,2,8,1,3,0,1,0,150,8,1,4,1,1,1588000,0,4,74
165,8,12,2,2,2,1,0,135,8,1,4,1,1,1770000,0,5,11
170,1,12,0,0,0,1,0,130,8,1,5,1,1,1950000,0,5,121
160,0,4,0,1,0,1,0,130,12,1,2,1,1,1750000,0,1,116
140,5,6,2,3,0,0,0,110,8,6,5,1,1,970000,0,4,82
165,0,8,0,3,0,0,0,125,8,1,5,0,1,2380000,0,4,85
80,3,7,0,3,0,0,0,79,8,1,4,1,1,845000,0,5,1
200,0,1,0,3,0,0,0,155,1,12,8,1,6,1890000,0,3,4
185,0,9,0,3,0,1,0,150,10,1,5,1,1,2550000,0,7,82
145,3,9,2,3,2,0,0,120,8,1,6,0,1,1300000,0,5,7
165,7,14,1,3,2,1,0,130,8,1,5,1,1,1650000,0,7,82
165,0,14,0,3,0,1,0,125,8,1,5,1,2,400000,0,5,121
165,8,15,1,2,0,1,0,135,8,1,6,1,1,1500000,0,5,49
100,5,2,0,3,0,0,0,80,4,12,4,1,4,1650000,0,5,50
165,0,12,0,3,2,1,0,125,8,1,7,1,1,1975000,0,5,121
280,7,14,1,3,1,2,0,210,12,2,5,0,1,7000000,0,4,33
130,3,3,2,3,0,0,0,110,4,1,4,1,1,875000,0,1,42
120,5,10,1,3,2,0,0,100,8,1,4,1,1,1020000,0,5,8
175,7,11,1,3,2,1,0,140,8,1,6,1,2,1730000,0,5,121
165,8,6,0,2,0,0,0,140,8,1,4,1,1,2525000,0,4,129
135,3,7,0,3,2,0,0,120,8,1,6,1,1,1250000,0,4,22
175,8,12,2,3,0,1,0,130,8,1,5,0,1,2080000,0,7,73
180,2,8,2,3,0,1,0,150,8,1,4,1,1,1450000,0,5,94
130,1,6,0,3,2,0,0,127,8,1,6,1,1,1350000,0,1,86
170,8,9,0,3,0,0,0,139,8,1,4,1,1,1550000,0,5,136
155,2,10,2,2,0,0,0,135,8,1,6,1,1,1550000,0,7,117
165,8,12,0,3,2,0,0,130,8,1,4,1,1,1600000,0,5,133
200,2,14,0,3,2,1,0,160,8,2,5,1,1,3225000,0,5,77
175,8,14,2,3,0,0,0,150,8,2,5,1,1,2100000,0,7,16
135,3,1,0,3,0,0,0,110,8,7,8,1,1,1100000,0,4,117
140,8,13,0,3,0,1,0,110,8,1,5,0,1,2200000,0,7,82
175,3,8,0,3,0,1,0,155,8,1,4,1,1,1499000,0,5,38
75,7,14,2,3,0,0,0,50,1,1,5,1,1,1150000,0,7,117
160,5,15,2,3,0,0,0,135,8,1,5,1,1,1095000,0,7,82
165,0,1,0,3,2,1,0,129,8,1,5,0,2,315000,0,5,83
150,8,8,2,3,2,0,0,120,8,1,6,1,1,1600000,0,5,70
195,2,7,2,3,0,0,0,175,8,1,6,1,1,2100000,0,5,56
150,3,4,2,3,0,0,0,120,8,1,4,0,1,910000,0,4,43
190,8,13,1,3,0,1,0,165,8,1,5,1,1,1895000,0,4,96
175,8,13,2,2,1,1,0,135,8,2,5,1,1,1600000,0,5,16
165,0,12,0,3,2,1,0,130,7,1,5,0,1,1550000,0,4,135
150,2,7,0,3,2,0,0,130,8,1,5,1,1,1280000,0,5,16
175,2,10,0,3,2,0,0,135,8,1,4,1,1,1575000,0,4,120
175,2,14,0,2,2,0,0,130,8,2,6,1,1,2150000,0,5,124
400,0,2,0,3,2,2,0,200,12,12,9,0,6,5750000,0,5,50
120,0,13,0,3,2,1,0,100,4,1,6,1,1,1400000,0,5,49
130,3,4,1,3,0,0,0,110,8,5,8,1,1,760000,0,5,78
150,8,14,0,2,2,0,0,110,8,1,4,1,1,1500000,0,5,136
145,3,8,2,2,0,0,0,135,4,1,4,1,1,1250000,0,4,83
165,0,9,0,0,2,0,0,120,8,1,4,1,1,2000000,0,5,11
43,5,1,0,3,0,0,0,42,3,12,2,1,4,1100000,0,7,105
150,5,5,1,3,0,0,0,140,8,6,4,1,1,1050000,0,4,116
96,1,13,1,3,0,0,0,73,4,1,5,1,1,1550000,0,4,135
140,5,2,0,3,0,0,0,120,11,12,8,1,4,220000,0,5,60
200,0,14,0,3,0,1,0,155,12,1,5,1,1,2750000,0,4,129
45,8,14,1,2,1,0,0,30,1,1,5,1,1,850000,0,7,82
1055,0,3,0,3,2,1,0,330,13,6,0,1,1,5950000,0,3,13
170,8,12,2,3,2,1,0,160,8,1,5,0,1,1550000,0,4,22
175,0,12,0,3,2,1,0,135,8,1,5,1,1,1595000,0,5,40
140,2,9,0,3,0,0,0,115,8,1,5,1,1,1350000,0,5,37
220,6,14,0,3,0,1,0,190,12,1,5,1,1,2789000,0,7,82
155,2,14,1,3,0,0,0,120,8,1,6,1,1,1365000,0,7,82
165,7,14,1,3,2,0,0,130,8,2,5,1,1,1469999,0,7,82
170,8,14,2,3,0,0,0,135,8,1,5,1,1,1469000,0,7,82
175,8,12,0,2,0,0,0,150,8,1,6,1,1,1750000,0,7,117
165,4,12,1,2,2,1,0,120,8,1,5,0,1,1445000,0,4,22
200,7,5,2,3,0,0,0,165,12,1,6,1,1,3000000,0,4,85
135,0,5,0,0,2,0,0,100,4,1,4,1,1,1400000,0,5,67
110,0,4,0,1,2,0,0,90,4,1,4,1,1,1149000,0,1,86
185,2,9,2,3,0,0,0,145,8,1,5,1,1,2095000,0,5,124
200,0,9,0,0,2,1,0,175,12,1,5,1,1,3625000,0,4,135
120,0,14,0,3,2,0,0,90,4,1,5,1,1,1485000,0,7,82
285,8,8,1,3,0,1,0,270,8,1,6,1,1,2550000,0,5,37
185,8,3,0,2,2,1,0,145,8,1,4,1,1,1635000,0,5,37
982,3,2,1,3,0,2,0,981,16,12,8,1,4,1700000,0,5,60
155,2,14,0,3,0,0,0,130,8,2,5,1,1,1250000,0,7,82
138,0,2,0,0,0,1,0,118,8,1,4,1,1,1820000,0,4,47
165,2,14,1,3,0,0,0,150,8,6,4,1,1,1850000,0,7,16
110,8,9,2,3,1,0,0,70,1,1,4,1,1,755000,0,5,100
175,0,9,0,3,0,1,0,140,8,1,5,1,1,2225000,0,7,82
185,0,9,0,3,0,1,0,150,12,1,5,1,1,2920000,0,7,82
165,2,12,0,3,2,0,0,130,8,1,6,1,1,1380000,0,5,88
120,0,1,0,3,2,0,0,100,4,1,5,0,2,265000,0,5,84
155,4,13,0,0,0,1,0,135,8,2,6,0,1,2300000,0,5,124
130,5,3,0,3,2,0,0,110,8,1,4,1,1,1000000,0,4,83
210,8,11,2,3,2,2,0,155,9,2,5,1,1,2600000,0,5,133
165,0,10,0,0,0,1,0,135,8,1,5,1,1,2000000,0,4,129
110,8,9,0,3,0,0,0,100,4,6,5,1,1,920000,0,5,18
190,6,14,1,3,2,0,0,160,8,1,5,1,1,330000000,0,4,110
200,0,14,0,3,0,1,0,150,12,1,5,1,1,2795000,0,4,111
185,4,14,0,3,0,1,0,145,12,2,5,1,1,2550000,0,7,82
185,6,13,2,3,0,0,0,155,12,1,5,1,1,2850000,0,7,82
200,1,14,0,3,0,1,0,180,12,1,5,1,1,3577000,0,4,111
140,5,6,1,3,0,0,0,120,8,1,4,1,1,1665000,0,7,16
175,7,14,0,3,0,1,0,140,8,1,5,1,1,1800000,0,7,82
150,0,5,0,3,0,0,0,130,8,1,4,1,1,2400000,0,4,33
120,5,4,2,2,2,0,0,100,8,1,4,1,1,1080000,0,5,49
175,8,12,1,2,2,1,0,140,8,1,5,1,1,1565000,0,4,85
286,5,5,0,3,2,6,0,285,28,12,8,1,0,14000000,0,4,61
165,8,12,2,3,2,1,0,125,8,1,6,1,1,1900000,0,5,133
175,0,6,0,3,0,0,0,150,8,1,4,1,1,1350000,0,5,136
145,4,4,0,3,0,0,0,125,8,6,5,0,1,1450000,0,4,87
175,0,12,0,3,0,0,0,150,8,1,6,1,1,1275000,0,5,0
170,0,14,0,3,0,0,0,120,8,1,5,0,1,1750000,0,4,128
120,0,15,0,3,2,1,0,90,4,1,5,1,1,1575000,0,7,82
265,8,12,0,3,0,1,0,240,12,1,5,1,5,4575000,0,4,83
135,3,10,0,2,2,0,0,120,8,1,6,1,1,1570000,0,4,108
220,8,14,1,2,1,1,0,200,12,1,5,1,1,2485000,0,5,121
165,3,4,1,2,1,0,0,130,8,11,4,1,1,1550000,0,4,129
175,2,14,1,3,2,1,0,135,8,2,5,1,1,1500000,0,7,82
145,2,8,1,2,1,0,0,132,8,1,4,1,1,1465000,0,5,31
175,7,12,0,2,0,1,0,130,8,1,5,1,1,1850000,0,5,133
165,8,12,2,2,0,0,0,125,8,1,5,0,1,1675000,0,5,49
165,8,7,0,2,2,0,0,125,8,1,4,0,1,1280000,0,5,16
175,0,10,0,3,2,1,0,150,8,1,5,1,1,1875000,0,5,49
175,0,8,0,3,2,1,0,135,8,1,4,1,1,1590000,0,5,136
180,7,13,0,3,2,1,0,130,8,1,5,1,1,1770000,0,5,49
167,5,1,1,3,2,0,0,110,5,7,2,1,1,1650000,0,4,123
200,4,4,0,3,2,1,0,170,12,11,4,1,1,1575000,0,1,63
260,0,2,0,3,0,4,0,230,20,12,4,1,6,1990000,0,5,83
165,0,7,0,3,2,0,0,125,8,1,5,1,1,1565000,0,4,89
165,0,14,0,3,2,1,0,125,8,1,6,1,2,412000,0,4,2
180,3,2,0,3,0,0,0,140,8,12,3,1,4,2850000,0,4,24
238,3,1,0,3,0,0,0,237,8,12,8,1,4,870000,0,5,70
150,5,3,1,3,2,0,0,120,8,5,8,1,1,760000,0,5,78
175,2,9,0,3,0,1,0,145,8,1,6,0,1,1950000,0,7,117
165,0,12,0,3,0,1,0,138,8,1,5,1,1,2080000,0,5,49
150,2,6,0,3,0,0,0,112,8,1,6,1,1,1200000,0,5,31
275,0,2,0,3,0,2,0,265,16,12,9,1,6,12750000,0,5,21
110,5,10,1,2,0,0,0,100,8,1,4,1,1,1250000,0,5,99
160,3,4,0,3,2,0,0,125,8,1,4,1,1,1100000,0,5,49
98,0,3,0,0,2,1,0,85,4,11,4,1,1,1399000,0,5,72
100,3,4,1,3,2,0,0,85,4,1,4,1,1,900000,0,5,49
175,0,10,0,0,2,1,0,132,8,1,5,1,1,1799000,0,5,9
175,2,10,2,3,2,1,0,145,8,1,4,1,1,2200000,0,4,17
185,0,14,0,0,2,1,0,138,8,1,6,1,1,2349000,0,4,96
170,0,11,0,0,2,1,0,130,8,1,5,1,1,2249000,0,4,129
210,8,14,0,2,2,1,0,165,12,1,5,1,1,2990000,0,4,17
100,0,8,0,0,0,1,0,87,4,1,5,1,1,290000,0,5,121
145,5,7,0,2,0,0,0,135,8,1,6,1,1,1225000,0,5,78
130,5,9,1,2,2,0,0,100,8,1,6,1,1,1265000,0,5,133
117,0,9,0,3,2,0,0,94,4,1,6,1,2,287000,0,4,2
260,3,14,0,3,2,1,0,230,12,2,7,1,1,3985000,0,5,5
200,6,17,0,2,0,1,0,170,12,2,6,0,1,2595000,0,4,93
120,0,10,0,3,2,0,0,100,4,1,6,1,2,260000,0,7,82
200,0,2,0,3,0,1,0,150,12,12,4,0,6,7500000,0,5,50
165,7,9,0,3,0,1,0,145,8,1,5,1,1,1799000,0,5,49
135,0,12,0,3,2,1,0,120,12,1,6,1,2,622000,0,5,121
130,1,14,1,3,0,0,0,100,4,1,5,1,1,1375000,0,7,82
155,3,14,1,3,2,0,0,130,8,1,5,0,1,1280000,0,4,22
180,2,14,1,3,2,1,0,140,8,1,7,1,1,2800000,0,5,55
160,5,6,0,2,2,0,0,140,8,1,6,1,1,1470000,0,4,33
165,0,14,0,3,2,1,0,125,8,1,6,1,2,377000,0,7,82
110,0,4,0,3,0,0,0,85,6,6,4,1,1,1600000,0,4,116
400,0,2,0,3,2,2,0,200,12,12,4,1,6,5750000,0,5,50
120,0,7,0,3,0,0,0,100,7,1,4,1,1,1445000,0,4,135
600,0,2,0,0,0,3,0,220,12,3,4,1,1,6500000,0,5,50
145,0,14,0,3,2,1,0,105,8,1,6,1,2,306000,0,7,82
160,8,4,2,2,0,1,0,140,8,1,4,1,1,1575000,0,1,26
145,6,13,1,3,2,0,0,135,8,1,6,1,1,1700000,0,5,9
160,8,10,1,3,0,0,0,145,8,1,6,1,1,2850000,0,5,124
155,3,12,1,2,2,0,0,130,8,1,6,1,1,1220000,0,4,22
140,2,14,1,2,2,0,0,125,8,2,6,1,1,1240000,0,7,82
140,0,4,0,0,2,1,0,120,8,1,4,1,1,1350000,0,1,63
4327,1,1,2,2,2,0,0,100,1,12,8,1,4,3000000,0,9,45
160,0,4,0,0,2,1,0,135,12,9,4,1,1,1800000,0,1,116
160,2,5,2,3,0,0,0,120,8,1,4,1,1,1650000,0,4,47
90,6,16,0,3,0,0,0,80,4,1,5,0,1,1680000,0,4,93
175,0,14,0,3,2,1,0,135,8,1,5,1,1,1900000,0,4,22
80,4,3,1,3,0,0,0,55,1,1,4,1,1,1150000,0,4,135
220,8,10,2,3,0,1,0,185,12,1,5,1,1,5200000,0,5,77
135,2,12,1,3,0,1,0,125,8,1,5,0,1,1795000,0,7,117
155,2,13,1,3,2,1,0,130,8,9,6,1,1,1525000,0,5,49
145,2,9,2,3,2,0,0,120,8,1,6,1,1,1375000,0,5,49
175,2,14,1,3,2,1,0,140,8,1,5,1,1,1550000,0,5,133
175,8,13,0,3,2,1,0,165,8,1,5,1,1,1550000,0,5,49
165,3,9,1,3,2,1,0,135,8,1,5,0,1,1375000,0,5,49
155,2,14,0,2,1,1,0,135,8,2,5,1,1,1465000,0,5,49
165,8,12,2,3,2,0,0,130,8,2,3,1,1,1475000,0,5,49
105,1,4,1,3,2,0,0,85,4,1,4,1,1,1195000,0,1,15
210,0,12,0,3,2,1,0,180,12,2,5,1,1,1950000,0,5,133
155,5,8,0,3,2,0,0,140,8,1,6,1,1,1590000,0,4,43
150,5,2,0,3,2,0,0,135,8,9,8,1,1,1150000,0,5,18
155,3,14,0,3,2,0,0,135,8,2,6,1,1,1400000,0,7,82
145,8,14,2,3,0,0,0,125,8,1,5,1,1,1550000,0,5,16
245,2,10,1,3,0,2,0,200,20,1,4,1,1,2400000,0,5,38
640,0,2,0,0,0,3,0,350,22,12,4,1,6,15750000,0,5,65
165,0,13,0,3,0,0,0,125,8,1,5,1,1,4000000,0,5,124
155,2,14,2,2,2,0,0,135,8,1,5,1,1,1250000,0,7,82
175,7,14,2,3,0,1,0,160,8,2,5,1,1,1950000,0,7,82
135,2,11,0,3,0,0,0,120,8,1,6,1,1,1570000,0,4,108
165,2,14,2,2,0,0,0,135,8,1,4,1,1,1550000,0,4,85
280,0,14,0,0,2,1,0,260,12,1,5,1,1,9500000,0,5,55
110,8,9,2,3,2,0,0,75,1,1,4,1,1,755000,0,5,100
130,5,3,0,3,0,0,0,110,4,6,8,1,1,830000,0,4,69
132,3,2,0,2,0,0,0,100,6,12,8,1,4,1650000,0,4,10
250,2,14,1,3,2,1,0,210,12,1,6,1,1,3440000,0,5,5
165,3,15,0,3,0,0,0,125,8,1,6,1,1,1265000,0,7,82
165,7,12,0,3,0,1,0,145,8,2,5,1,1,1620000,0,5,49
250,6,4,0,3,0,1,0,220,12,1,5,0,1,2375000,0,5,121
265,8,14,0,3,0,2,0,230,12,1,5,1,1,7850000,0,5,124
120,1,2,1,3,2,0,0,95,6,1,4,1,1,1499000,0,7,73
155,0,14,0,1,2,1,0,120,4,1,6,1,1,265000,0,5,107
175,0,5,1,3,2,1,0,140,8,1,6,1,1,1960000,0,5,136
85,0,9,0,0,0,0,0,70,4,9,5,1,1,1090000,0,4,135
175,8,12,1,3,2,1,0,140,8,1,5,1,1,1650000,0,4,85
165,8,14,0,3,2,1,0,145,8,2,6,1,1,1485000,0,5,49
550,0,2,0,3,0,1,0,200,8,12,4,1,6,7750000,0,5,21
175,2,9,1,3,0,0,0,135,8,1,5,1,1,1285000,0,5,79
135,1,14,1,3,2,0,0,110,4,1,5,1,1,1460000,0,5,16
145,5,10,0,3,0,0,0,127,8,9,6,1,1,1045000,0,5,75
170,0,11,0,0,0,1,0,130,8,1,6,1,1,2249000,0,4,129
185,0,14,0,1,2,1,0,138,10,1,6,1,1,2349000,0,4,129
120,5,3,1,3,2,0,0,100,4,1,4,1,1,1250000,0,5,11
500,5,3,2,2,2,1,0,400,21,12,4,1,4,4350000,0,7,105
130,5,5,2,3,2,0,0,120,4,1,4,1,1,1200000,0,4,93
240,8,2,0,2,2,1,0,220,20,12,4,1,4,4950000,0,7,122
175,4,14,2,2,2,1,0,135,8,1,5,1,1,2075000,0,5,16
175,0,12,0,0,0,1,0,135,8,1,5,1,1,1850000,0,5,107
130,0,10,0,0,2,1,0,100,7,1,5,1,1,1700000,0,4,22
165,8,6,1,3,0,0,0,135,7,1,4,1,1,1375000,0,7,117
100,8,12,1,3,2,0,0,85,4,1,6,0,1,1390000,0,7,117
175,4,14,1,2,2,1,0,155,8,1,5,1,1,2525000,0,7,82
180,7,12,2,3,2,0,0,165,8,1,6,1,1,1950000,0,5,133
750,6,3,2,2,2,3,0,420,25,12,4,1,6,24895000,0,5,34
270,7,3,0,3,2,2,0,250,25,8,4,1,1,12500000,0,5,21
187,8,14,0,3,2,1,0,155,8,2,5,1,1,1950000,0,7,82
140,8,5,2,3,2,0,0,112,8,1,4,1,1,1145000,0,5,31
187,8,14,0,3,2,1,0,155,8,1,5,1,1,1750000,0,7,82
395,8,13,2,3,0,2,0,315,16,2,4,1,1,4950000,0,5,48
170,0,12,0,3,2,1,0,130,8,1,6,1,1,3750000,0,5,124
175,8,6,2,3,2,1,0,135,8,1,5,0,1,1975000,0,5,70
120,7,4,2,2,1,0,0,100,4,1,4,1,1,1150000,0,1,16
165,0,14,0,3,0,1,0,135,8,1,5,1,1,1970000,0,4,129
240,7,14,0,3,2,1,0,183,12,2,5,1,1,5750000,0,4,110
537,7,2,0,2,0,2,0,190,14,12,4,1,6,5150000,0,5,7
170,4,17,1,3,2,1,0,130,8,1,6,0,1,2095000,0,4,93
150,8,2,2,3,2,0,0,130,8,1,4,0,1,2000000,0,1,16
115,8,2,0,3,2,6,0,95,0,6,2,1,1,1099000,0,5,38
165,5,4,2,2,2,0,0,135,8,1,6,1,1,1350000,0,5,88
130,0,4,0,0,0,1,0,120,8,6,4,1,1,1260000,0,1,81
125,5,1,2,2,2,0,0,100,4,12,4,1,4,850000,0,1,58
135,2,15,1,3,2,0,0,115,8,1,5,1,1,1200000,0,7,82
125,4,14,1,3,2,0,0,115,4,1,5,1,1,1365000,0,7,82
165,7,11,0,2,2,0,0,130,8,1,6,1,1,1650000,0,5,16
175,8,12,2,3,2,1,0,140,8,1,6,1,1,1620000,0,5,49
120,4,14,1,3,2,0,0,100,6,1,5,1,1,1380000,0,7,82
145,2,10,0,3,2,0,0,125,8,1,6,1,1,1190000,0,5,109
165,8,14,1,3,0,0,0,135,8,1,6,1,1,1450000,0,7,82
175,8,14,0,3,0,1,0,135,8,1,6,1,1,1625000,0,7,117
165,3,6,1,3,2,0,0,135,8,1,5,1,1,1275000,0,5,37
160,8,9,1,3,2,0,0,130,8,1,5,1,1,1515000,0,7,82
110,8,11,0,3,0,0,0,90,6,1,6,1,1,1295000,0,5,70
120,0,4,0,0,0,0,0,99,4,1,4,1,1,1250000,0,1,92
165,0,10,0,3,0,0,0,135,8,1,5,1,1,1440000,0,4,89
175,0,14,0,3,0,1,0,155,8,1,5,1,1,1950000,0,7,82
175,0,10,0,0,2,1,0,145,8,1,6,1,1,2350000,0,7,16
125,1,14,1,3,2,1,0,100,6,1,5,1,1,1580000,0,7,82
110,0,5,0,3,0,0,0,90,4,1,5,1,1,1400000,0,4,91
120,8,14,1,2,2,0,0,100,4,2,6,1,1,1520000,0,5,121
185,8,12,2,3,2,1,0,145,8,1,5,1,1,1400000,0,4,22
150,2,14,2,3,0,0,0,130,8,0,6,1,1,1285000,0,7,82
380,6,2,2,3,0,2,0,320,20,12,4,1,6,13750000,0,5,21
160,0,6,0,0,0,1,0,115,8,1,4,1,1,1700000,0,5,67
100,0,4,0,1,2,0,0,75,4,1,4,1,1,1250000,0,1,86
210,3,10,2,3,2,1,0,170,8,1,5,1,1,3050000,0,5,5
350,8,1,0,3,2,0,0,60,2,8,1,1,1,2250000,0,5,21
400,3,2,0,3,0,2,0,300,17,12,4,1,6,7500000,0,3,4
150,2,13,2,3,2,0,0,135,8,1,4,1,1,1950000,0,5,133
165,8,10,2,3,2,0,0,125,8,1,6,1,1,1580000,0,4,2
200,1,13,2,3,2,1,0,180,8,2,6,1,1,2100000,0,4,66
105,2,5,0,3,0,0,0,90,4,1,4,1,1,1100000,0,4,113
135,5,10,1,3,2,0,0,120,8,1,4,1,1,1230000,0,5,75
155,8,10,1,3,2,0,0,145,8,1,6,1,1,1800000,0,5,9
65,8,8,1,2,1,0,0,50,1,1,6,1,1,965000,0,7,82
165,8,8,2,3,2,1,0,135,8,1,6,1,1,1450000,0,5,0
100,0,3,1,3,0,0,0,85,6,1,4,1,1,1359000,0,7,82
100,0,9,0,3,0,0,0,80,4,1,4,1,1,1345000,0,4,135
165,7,13,0,0,0,0,0,135,8,2,6,0,1,1475000,0,5,16
95,2,9,0,3,2,0,0,75,1,1,4,1,1,825000,0,5,100
175,1,10,0,3,0,1,0,138,8,1,5,1,1,1755000,0,4,66
165,2,14,1,3,0,1,0,135,8,2,6,1,1,1350000,0,7,117
175,8,14,1,3,0,1,0,160,10,1,5,1,1,2080000,0,7,82
170,8,8,2,2,2,1,0,115,8,1,5,1,1,2050000,0,7,82
175,2,5,2,3,0,0,0,150,8,1,4,1,1,1250000,0,5,136
135,2,15,2,3,2,0,0,110,8,1,6,1,1,1195000,0,7,82
280,0,14,0,3,2,1,0,260,12,1,6,1,1,9250000,0,5,55
150,1,12,2,2,1,1,0,130,8,1,5,1,1,1440000,0,4,22
280,0,14,0,3,2,1,0,240,12,1,5,0,1,6250000,0,5,55
180,8,8,1,2,2,0,0,135,8,1,4,1,1,1545000,0,5,133
85,2,6,2,2,2,0,0,80,4,1,4,1,1,1065000,0,5,31
300,5,1,1,2,2,0,0,165,10,12,8,1,4,1000020,0,4,95
185,4,14,0,0,0,1,0,145,10,1,5,1,1,2350000,0,4,22
150,8,9,1,2,0,0,0,130,8,1,6,1,1,1350000,0,4,2
230,6,4,0,0,0,1,0,200,12,1,5,0,1,2350000,0,5,121
160,5,3,1,3,0,0,0,120,8,1,6,0,1,1400000,0,7,16
125,1,14,0,2,2,0,0,100,6,1,5,1,1,1750000,0,4,128
175,0,9,0,3,0,1,0,145,8,1,5,1,1,2550000,0,5,7
75,8,3,1,3,2,0,0,60,1,1,4,1,1,725000,0,5,31
240,0,3,0,0,0,2,0,185,16,7,4,0,1,6500000,0,5,39
175,5,2,2,3,0,0,0,140,12,12,4,1,4,2900000,0,5,65
285,6,3,2,0,1,3,0,200,28,1,4,0,1,15000000,0,5,34
260,5,14,1,3,0,0,0,240,12,1,6,1,1,3550000,0,5,5
175,6,11,1,3,0,1,0,135,8,1,5,1,1,2090000,0,5,0
200,8,14,0,3,0,1,0,185,8,1,5,1,1,1850000,0,7,82
145,0,4,0,0,2,1,0,125,8,1,4,1,1,1620000,0,1,5
175,0,14,0,3,0,1,0,140,8,2,6,1,1,1630000,0,7,82
110,7,4,1,3,0,0,0,95,4,1,5,1,1,1199000,0,5,121
185,0,14,0,0,2,1,0,155,8,1,5,1,1,2000000,0,4,29
70,8,7,1,3,2,0,0,55,1,1,5,1,1,935000,0,7,82
165,8,8,2,3,0,1,0,140,8,1,5,1,1,1875000,0,4,10
165,0,10,0,3,0,1,0,125,8,1,5,1,1,2050000,0,4,85
135,2,15,0,2,2,0,0,110,8,2,6,1,1,1270000,0,7,82
135,5,10,2,3,0,0,0,110,8,6,4,1,1,1175000,0,5,133
160,0,12,0,3,2,1,0,130,8,1,5,1,1,850000,0,5,121
155,8,9,1,3,2,0,0,135,8,1,4,1,1,1495000,0,5,38
155,2,14,2,3,2,0,0,135,8,2,6,1,1,1350000,0,7,82
265,0,12,0,0,2,2,0,240,16,1,5,1,1,7500000,0,5,124
280,0,14,0,0,2,1,0,260,12,1,5,1,1,9250000,0,5,55
175,0,13,0,3,0,1,0,150,8,1,5,1,1,2280000,0,7,16
175,7,14,1,3,0,1,0,150,8,2,5,1,1,1999000,0,7,82
165,2,9,0,3,0,0,0,130,8,1,5,1,1,1250000,0,5,109
120,5,4,2,3,0,0,0,100,4,6,4,1,1,960000,0,5,11
175,6,9,0,3,0,1,0,140,8,1,5,1,1,1650000,0,7,82
235,7,14,2,2,2,1,0,200,12,2,5,1,1,4350000,0,5,124
100,0,4,0,0,0,0,0,80,4,1,4,1,1,1350000,0,7,82
235,7,14,2,3,0,1,0,215,12,2,5,1,1,2425000,0,7,82
187,0,14,0,0,0,1,0,155,12,1,5,1,1,3650000,0,7,82
110,0,10,0,3,0,0,0,75,4,1,5,1,1,1300000,0,4,135
180,2,15,0,2,0,1,0,160,8,2,6,0,1,1349999,0,7,82
170,8,12,0,3,2,1,0,130,8,1,7,1,1,2400000,0,5,77
130,0,10,0,0,0,1,0,115,4,1,5,1,1,1425000,0,5,121
185,2,11,2,3,2,1,0,145,8,1,6,1,1,2950000,0,5,77
145,3,3,2,3,0,0,0,125,8,1,4,1,1,1300000,0,4,43
100,5,8,0,3,2,0,0,80,8,1,4,1,1,950000,0,5,8
520,8,3,1,3,0,0,0,480,4,12,8,1,4,2200000,0,5,100
550,8,3,0,3,0,3,0,250,20,12,4,1,6,7000000,0,5,21
215,8,4,0,3,0,2,0,195,13,1,4,1,1,2100000,0,7,73
412,0,1,0,0,0,0,0,411,0,12,8,1,4,1200000,0,5,50
300,0,1,0,0,2,3,0,250,12,12,4,1,6,8500000,0,7,92
90,0,1,0,3,2,0,0,65,4,12,4,1,6,2710000,0,3,13
155,6,12,0,3,2,0,0,110,8,1,5,1,1,1850000,0,5,70
175,0,12,0,3,0,1,0,125,8,1,5,1,1,1400000,0,5,136
165,2,9,0,3,2,1,0,135,8,1,6,1,1,1550000,0,5,133
100,5,8,1,2,0,0,0,80,8,1,4,1,1,975000,0,5,8
120,0,5,0,0,2,2,0,90,7,1,4,1,1,1675000,0,7,16
165,8,8,0,2,0,0,0,145,8,1,4,1,1,1700000,0,7,82
175,1,11,0,0,0,0,0,135,8,1,6,1,1,1525000,0,5,121
135,5,4,1,3,0,0,0,120,8,1,4,1,1,1250000,0,5,106
135,6,11,1,3,2,0,0,115,4,1,6,1,1,1520000,0,5,18
80,5,3,1,3,0,0,0,60,4,1,8,1,1,750000,0,4,61
160,0,7,0,3,0,0,0,140,8,1,5,1,1,1580000,0,4,89
175,8,10,0,3,0,0,0,133,8,1,6,0,1,2040000,0,5,124
180,7,12,1,3,0,1,0,150,8,1,5,1,1,1940000,0,4,129
165,2,8,2,3,0,0,0,130,8,9,4,1,1,1145000,0,5,31
175,7,10,1,3,0,1,0,125,8,1,6,1,1,1450000,0,5,31
350,5,12,2,3,0,2,0,300,20,2,6,1,1,2599000,0,5,55
250,2,13,2,3,0,2,0,220,12,2,5,1,1,2750000,0,5,77
220,4,14,2,3,0,1,0,190,12,2,5,1,1,2850000,0,4,6
145,2,14,2,2,2,0,0,135,8,1,6,1,1,1495000,0,7,82
220,6,14,2,3,0,1,0,180,12,1,6,1,1,3400000,0,7,16
220,7,13,2,3,0,1,0,185,12,1,5,1,1,2790000,0,7,82
110,8,14,1,3,0,0,0,90,4,1,5,1,1,1315000,0,7,82
220,8,14,0,3,0,1,0,200,8,1,5,1,1,3250000,0,5,124
155,2,10,0,2,0,1,0,125,8,1,6,0,1,1300000,0,4,117
185,8,14,2,3,2,1,0,145,8,2,5,1,1,1990000,0,7,82
155,8,14,0,3,0,0,0,135,8,1,5,1,1,1525000,0,7,82
475,0,2,0,0,2,2,0,175,12,12,4,1,6,5350000,0,3,115
135,0,10,0,0,0,0,0,115,4,1,5,1,1,1850000,0,5,121
135,8,14,2,3,2,0,0,110,8,1,7,1,1,1230000,0,7,82
170,7,13,2,2,0,1,0,150,8,2,5,1,1,2750000,0,4,111
165,4,14,1,3,0,1,0,145,8,1,5,1,1,3400000,0,5,77
160,7,12,0,3,0,1,0,135,8,1,5,0,1,1475000,0,4,22
165,8,14,1,3,2,1,0,145,8,1,5,0,1,1700000,0,7,117
230,8,10,0,3,0,1,0,180,12,1,5,1,1,1999000,0,7,117
160,2,14,2,3,0,0,0,130,8,1,6,1,1,1875000,0,5,106
155,8,14,1,3,2,0,0,115,8,2,5,1,1,1410000,0,7,82
600,0,2,0,3,2,3,0,210,14,12,4,1,6,6750000,0,5,50
195,0,2,0,1,2,1,0,165,16,12,4,1,6,9100000,0,5,21
310,4,14,2,3,0,2,0,240,16,2,6,0,1,8700000,0,5,5
195,0,2,0,1,2,1,0,165,16,12,4,1,6,9050000,0,5,21
195,0,2,0,1,2,1,0,165,16,12,4,1,6,9050000,0,5,21
195,0,2,0,1,2,1,0,165,16,12,4,1,6,9050000,0,5,21
650,0,3,0,3,2,2,0,300,17,12,4,1,6,22000000,0,5,34
200,8,12,0,2,2,1,0,175,12,1,6,1,1,2590000,0,5,124
187,6,14,1,3,0,1,0,150,8,1,6,0,1,2250000,0,7,82
125,0,3,0,3,0,0,0,100,6,1,4,1,1,1250000,0,4,47
175,2,15,1,3,0,0,0,135,8,2,6,1,1,1395000,0,7,82
165,4,10,0,3,0,1,0,135,8,1,5,1,1,1580000,0,5,133
150,8,13,2,3,2,1,0,130,8,1,5,1,1,1750000,0,4,114
165,7,6,1,3,0,1,0,135,8,1,4,1,1,1275000,0,5,16
205,5,11,2,3,0,1,0,170,12,1,5,1,1,2350000,0,4,111
155,8,14,2,3,2,1,0,125,8,2,5,1,1,1425000,0,7,82
120,0,14,0,3,0,1,0,100,6,1,6,1,1,1549000,0,7,82
165,2,10,0,2,0,1,0,135,8,1,4,1,1,1590000,0,5,38
121,0,14,0,3,0,1,0,90,6,1,5,1,1,1890000,0,4,22
145,7,12,1,3,0,0,0,120,8,1,6,1,1,965000,0,4,114
210,0,14,0,3,0,1,0,180,12,1,5,1,1,3500000,0,7,82
350,3,1,2,3,0,0,0,150,8,12,8,1,4,2150000,0,4,69
110,1,14,1,3,2,0,0,85,4,1,5,1,1,1350000,0,7,82
175,7,14,2,2,2,1,0,140,8,2,5,0,1,1980000,0,7,82
175,8,11,0,2,2,0,0,150,8,1,4,1,1,1645000,0,5,106
100,5,3,1,2,2,1,0,90,4,5,4,1,1,515000,0,4,43
120,8,4,0,3,0,6,0,100,4,10,2,1,1,1200000,0,1,63
135,5,3,2,2,2,0,0,120,8,1,4,1,1,890000,0,4,83
175,8,12,1,2,2,0,0,155,8,1,6,0,1,2525000,0,5,77
180,0,15,0,0,0,1,0,140,8,1,5,1,1,1850000,0,5,121
165,8,15,0,2,0,0,0,135,8,1,5,1,1,2000000,0,5,67
160,0,12,0,0,2,0,0,105,8,1,6,1,1,2100000,0,4,93
220,2,14,2,3,0,1,0,180,12,1,4,1,1,2745000,0,7,117
130,0,12,0,3,2,1,0,100,7,1,5,1,1,1680000,0,4,22
180,0,14,0,3,2,0,0,140,12,1,5,0,1,1875000,0,4,123
175,0,11,0,3,0,1,0,155,8,1,5,1,1,1950000,0,5,109
175,8,2,0,3,2,6,0,150,0,12,2,1,4,2150000,0,5,90
195,0,12,0,3,0,1,0,135,12,1,5,1,1,4200000,0,4,6
222,0,14,0,3,0,1,0,160,12,1,5,1,1,4950000,0,5,77
230,5,11,2,3,2,1,0,180,12,1,6,1,1,2350000,0,4,104
225,0,13,0,3,0,1,0,145,12,1,5,1,1,3300000,0,4,111
185,1,18,0,3,0,1,0,125,8,1,5,1,1,2390000,0,4,93
165,5,9,1,3,0,0,0,140,8,1,6,0,1,1595000,0,4,33
180,6,14,0,3,0,1,0,175,8,2,5,1,1,1750000,0,7,82
180,0,14,0,3,0,1,0,125,8,1,5,1,1,3750000,0,5,77
225,0,13,0,3,0,1,0,145,12,1,5,1,1,3250000,0,4,111
130,3,3,2,2,0,0,0,110,8,6,4,1,1,974000,0,1,57
110,8,7,0,3,0,0,0,85,4,1,4,1,1,1219000,0,7,82
185,8,2,0,3,2,6,0,140,0,6,2,1,1,1995000,0,4,110
190,8,15,0,3,0,1,0,160,8,1,5,0,1,1750000,0,7,82
165,7,12,1,3,0,2,0,145,8,1,5,1,1,1594000,0,5,121
155,8,14,0,3,2,1,0,135,8,1,5,1,1,1600000,0,7,82
150,5,1,2,2,2,0,0,120,8,12,4,1,4,1500000,0,1,42
800,0,2,0,3,0,2,0,300,20,12,9,1,6,28500000,0,5,34
110,0,5,0,1,0,0,0,90,4,1,2,1,1,1300000,0,1,86
130,3,7,1,3,0,0,0,110,8,1,4,1,1,1365000,0,4,22
95,8,3,2,3,0,0,0,65,4,9,6,1,1,840000,0,5,31
425,0,2,0,3,0,2,0,220,12,12,4,1,6,5950000,0,5,49
220,2,14,0,3,0,1,0,175,8,2,4,1,1,1890000,0,7,82
210,5,8,1,3,2,0,0,190,8,1,6,1,1,1749000,0,4,93
195,0,2,0,1,2,1,0,165,16,12,4,1,6,9000000,0,5,21
1014,2,4,2,3,1,4,0,480,19,12,4,1,6,17950000,0,7,122
170,0,13,0,3,2,1,0,130,8,1,6,1,1,1650000,0,5,133
195,0,2,0,1,2,1,0,165,16,12,4,1,6,9050000,0,5,21
225,2,10,0,3,0,0,0,200,16,1,4,1,1,3190000,0,5,77
150,7,13,1,3,2,0,0,135,8,1,5,1,1,1350000,0,4,2
195,0,2,0,1,2,1,0,165,16,12,4,1,6,9100000,0,5,21
150,3,3,1,3,0,0,0,120,8,1,4,1,1,1100000,0,4,43
175,2,10,1,3,0,1,0,140,8,1,4,0,1,1640000,0,7,117
215,0,14,0,3,0,1,0,155,12,1,5,1,1,2600000,0,4,6
135,2,9,1,3,0,0,0,120,8,1,6,1,1,1200000,0,5,133
500,0,2,0,3,0,2,0,200,12,12,4,1,6,6400000,0,5,39
185,0,10,0,3,2,1,0,140,8,1,6,1,1,3400000,0,7,82
190,8,15,0,2,0,0,0,165,8,1,6,1,1,1950000,0,5,106
280,0,14,0,3,0,1,0,230,12,1,6,1,1,10000000,0,5,55
260,8,14,2,3,0,1,0,230,12,2,6,1,1,5175000,0,5,124
185,8,15,2,2,0,0,0,155,8,1,4,1,1,1472000,0,5,133
175,0,14,0,3,0,1,0,140,8,1,5,1,1,2240000,0,4,101
175,8,8,2,2,0,0,0,135,8,1,4,1,1,1550000,0,5,136
50,0,5,0,3,1,0,0,49,29,1,4,1,1,699000,0,1,41
175,4,14,0,3,0,0,0,140,8,1,5,1,1,1675000,0,7,82
110,0,10,0,3,0,0,0,90,6,1,5,1,1,1579000,0,7,73
175,2,15,0,3,0,0,0,135,8,2,6,1,1,1349000,0,7,82
550,8,4,0,3,0,5,0,500,20,12,9,0,6,18250000,0,5,34
185,0,8,0,3,0,1,0,155,12,1,5,1,1,1920000,0,5,136
165,8,14,1,3,0,0,0,135,8,2,6,1,1,1420000,0,7,82
175,0,14,0,3,0,1,0,155,8,1,6,1,1,1750000,0,5,37
165,0,7,1,3,0,0,0,145,8,1,5,1,1,1500000,0,4,89
184,0,14,0,3,0,1,0,135,10,1,5,1,1,2050000,0,4,129
220,8,14,2,3,2,1,0,170,12,2,5,1,1,4150000,0,5,55
239,0,2,0,3,2,2,0,200,12,12,4,1,6,7000000,0,5,49
140,8,2,0,3,2,6,0,125,0,6,2,1,1,1550000,0,1,116
150,5,3,1,3,0,0,0,125,8,1,8,1,1,1315000,0,4,93
175,2,14,1,3,0,0,0,135,8,1,4,1,1,1400000,0,5,1
160,2,8,2,3,0,0,0,125,8,1,6,1,1,1505000,0,5,75
175,2,14,1,3,0,0,0,130,8,1,4,1,1,1400000,0,5,1
320,8,12,0,3,0,2,0,319,18,2,5,1,1,4700000,0,5,5
135,5,14,2,3,0,0,0,115,8,2,6,1,1,1195000,0,7,82
165,1,1,2,3,0,0,0,125,8,12,8,1,4,2500000,0,9,45
150,8,14,2,3,0,1,0,135,8,2,5,1,1,1525000,0,7,82
110,0,14,0,3,0,0,0,90,6,1,5,1,1,1500000,0,7,82
200,0,8,0,3,2,1,0,140,12,1,6,1,1,3300000,0,4,95
225,3,1,1,3,2,0,0,200,15,12,8,1,3,3400000,0,4,80
220,0,2,0,3,0,2,0,200,12,12,9,1,6,14550000,0,5,21
400,0,3,0,1,2,2,0,350,25,12,4,1,7,4850000,0,4,25
130,2,10,0,3,2,0,0,110,4,1,4,1,1,1215000,0,7,117
246,3,12,2,3,0,1,0,220,12,1,6,0,1,2489000,0,4,33
145,3,4,2,2,0,0,0,130,8,1,4,1,1,1350000,0,4,117
185,8,12,0,3,0,1,0,140,8,1,5,1,1,2275000,0,5,94
185,8,12,1,3,2,1,0,162,8,1,6,0,1,1975000,0,5,121
165,2,10,2,3,0,0,0,140,8,1,6,1,1,1250000,0,4,22
165,8,14,2,2,2,1,0,135,8,1,4,1,1,1780000,0,5,31
140,5,1,1,3,0,0,0,100,8,1,8,1,1,1100000,0,7,63
175,0,2,0,0,0,1,0,150,21,12,4,1,4,2950000,0,1,102
185,0,14,0,3,0,1,0,125,8,1,5,1,1,3350000,0,5,77
175,2,12,1,2,1,0,0,155,8,1,6,0,1,1420000,0,4,27
130,2,5,2,2,0,0,0,119,8,1,4,1,1,930000,0,5,16
280,0,14,0,3,0,1,0,260,12,2,5,0,1,8500000,0,5,55
155,2,14,2,2,2,1,0,125,8,2,5,1,1,1420000,0,7,82
155,7,11,2,3,2,0,0,135,8,1,5,1,1,1580000,0,5,107
280,0,14,0,3,2,1,0,260,12,2,5,0,1,8500000,0,5,55
220,8,14,0,3,0,1,0,175,12,1,5,0,1,3500000,0,5,7
175,8,14,1,2,2,1,0,155,8,1,6,1,1,1850000,0,5,49
99,8,6,2,2,2,0,0,85,4,1,6,0,1,1050000,0,5,31
175,0,14,0,3,0,1,0,140,8,1,5,1,1,1825000,0,7,82
140,6,7,1,2,0,0,0,115,8,1,4,1,1,1750000,0,5,56
165,0,7,0,3,2,1,0,130,8,1,4,1,1,1950000,0,4,85
175,8,14,1,2,2,1,0,155,8,1,5,1,1,1920000,0,4,117
125,0,9,0,0,0,0,0,105,6,1,5,1,1,1350000,0,5,18
4000,1,1,0,2,0,0,0,3999,1,12,8,1,4,1485000,0,7,76
185,8,2,0,3,2,6,0,145,0,6,2,1,1,1950000,0,5,16
175,0,10,0,3,2,1,0,135,8,1,6,1,1,2300000,0,4,95
165,5,8,1,3,2,0,0,135,8,1,4,1,1,1600000,0,4,51
165,8,2,0,3,2,6,0,135,0,12,2,1,4,3750000,0,5,50
165,2,12,0,3,0,1,0,135,8,1,4,1,1,1595000,0,5,38
175,8,14,0,2,1,1,0,135,8,1,5,1,1,1960000,0,5,49
150,8,2,0,3,2,6,0,135,0,6,2,1,1,1210000,0,7,82
175,7,8,0,3,2,1,0,150,8,1,5,1,1,1750000,0,4,120
175,2,12,0,3,0,1,0,140,8,1,5,0,1,2150000,0,7,63
170,8,7,0,3,0,0,0,135,8,1,4,1,1,1440000,0,5,90
175,8,11,2,3,2,1,0,165,8,1,6,1,1,1650000,0,4,22
151,0,13,0,3,0,0,0,97,8,1,5,1,1,1459000,0,5,16
175,3,8,2,3,0,1,0,155,8,1,4,1,1,1515000,0,5,38
240,2,13,2,3,0,1,0,200,12,1,6,0,1,4250000,0,5,77
175,2,9,1,3,0,1,0,135,8,1,6,1,1,1585000,0,5,49
175,2,8,0,3,0,0,0,145,8,1,6,0,1,1300000,0,4,36
235,8,10,0,3,0,1,0,180,12,1,5,1,1,2250000,0,7,16
145,0,10,0,3,2,1,0,120,8,1,6,1,2,400000,0,4,2
180,8,2,0,3,2,6,0,140,0,6,2,1,1,2150000,0,5,49
185,8,2,0,3,2,6,0,140,0,6,2,1,1,1950000,0,5,16
205,7,12,2,3,0,1,0,185,12,1,5,0,1,3000000,0,4,111
120,8,10,1,3,0,1,0,100,4,1,5,1,1,1460000,0,7,117
120,0,14,0,3,0,0,0,90,4,1,5,1,1,2750000,0,7,16
165,8,3,2,3,0,1,0,130,8,12,4,1,4,1800000,0,5,50
128,5,9,2,3,1,0,0,105,8,9,6,1,1,1200000,0,5,133
165,2,15,1,2,0,0,0,150,8,1,6,0,1,1850000,0,7,16
125,8,14,2,3,2,0,0,100,6,2,5,1,1,1400000,0,7,82
165,8,7,1,2,0,0,0,135,8,1,4,1,1,1550000,0,5,136
165,8,14,0,3,2,0,0,140,8,1,5,1,1,1800000,0,4,128
360,0,3,0,3,0,2,0,359,23,12,4,1,6,6500000,0,5,98
200,8,14,0,3,0,1,0,175,12,1,5,1,1,4150000,0,4,111
165,0,6,0,3,0,1,0,135,8,1,4,1,1,1495000,0,5,16
290,8,14,0,3,0,1,0,240,12,2,6,0,1,5250000,0,4,6
175,7,14,0,3,0,2,0,140,8,2,5,1,1,2350000,0,7,82
100,0,10,0,3,2,0,0,85,4,1,6,1,2,275000,0,4,2
165,0,12,0,3,0,1,0,135,8,1,5,1,1,420000,0,4,2
160,0,13,0,3,0,1,0,130,8,1,5,1,1,1700000,0,4,36
110,5,4,0,3,1,0,0,100,8,1,8,1,1,1325000,0,7,16
175,7,14,2,3,0,1,0,145,8,2,5,1,1,1694000,0,7,82
500,3,1,1,3,0,0,0,428,8,12,8,1,4,1700000,0,4,110
185,0,14,0,3,0,1,0,155,8,1,6,1,1,1850000,0,7,82
200,0,2,0,3,0,1,0,150,12,12,4,1,6,6100000,0,5,49
725,0,2,0,3,0,2,0,375,20,12,4,1,6,20750000,0,7,63
200,0,13,0,3,0,1,0,160,12,1,5,1,1,2450000,0,4,101
95,7,4,0,2,2,0,0,85,4,6,5,1,1,810000,0,0,112
170,3,10,1,2,2,0,0,160,8,1,6,1,1,1750000,0,5,55
250,4,2,2,3,0,1,0,200,16,12,4,1,6,6799000,0,5,49
130,3,4,1,2,2,0,0,100,8,1,4,1,1,995000,0,5,109
161,5,2,2,2,2,1,0,100,17,12,8,1,4,2500000,0,7,63
185,8,12,1,3,0,1,0,160,8,1,4,0,1,1920000,0,7,82
175,0,6,0,0,0,1,0,135,8,1,4,1,1,1850000,0,5,31
185,0,2,0,3,0,2,0,130,12,12,4,1,6,8600000,0,5,34
150,8,12,2,3,0,0,0,110,8,2,6,1,1,1950000,0,5,7
175,7,14,0,3,0,1,0,130,8,2,5,1,1,1620000,0,4,114
185,4,14,1,3,2,1,0,145,10,1,5,1,1,1510000,0,5,49
120,0,14,0,3,2,0,0,100,4,2,5,1,1,1335000,0,7,82
100,4,16,0,3,0,0,0,90,4,1,5,1,1,1395000,0,4,93
175,8,14,1,3,0,1,0,135,8,1,5,1,1,1675000,0,7,82
120,0,2,0,3,0,0,0,100,8,12,8,1,6,2400000,0,4,25
280,3,14,0,3,0,1,0,220,12,1,4,1,1,3350000,0,5,55
155,0,10,0,3,2,0,0,130,6,1,6,1,1,1065000,0,5,121
175,0,14,0,3,2,1,0,140,8,1,5,1,1,1700000,0,5,49
170,8,8,0,3,2,0,0,165,8,1,5,1,1,1500000,0,4,2
165,5,8,1,2,1,0,0,145,8,1,6,1,1,1850000,0,4,33
175,8,11,1,3,2,0,0,135,8,1,5,1,1,1695000,0,4,110
130,2,9,2,3,2,0,0,110,8,1,5,1,1,1275000,0,5,49
175,8,10,0,2,0,1,0,150,8,1,6,1,1,1950000,0,7,117
160,0,10,0,0,0,1,0,130,8,1,6,1,1,1800000,0,4,66
165,8,3,2,3,2,1,0,130,8,1,4,1,1,1800000,0,5,50
265,1,2,2,2,1,2,0,250,16,12,9,1,6,10250000,0,7,92
145,5,15,1,3,1,0,0,120,8,2,6,1,1,1050000,0,7,82
165,0,10,0,3,0,1,0,135,8,1,5,1,1,1749000,0,4,89
130,2,10,2,2,0,0,0,110,8,1,5,1,1,1275000,0,5,49
165,0,14,0,0,2,1,0,137,8,1,5,1,1,1950000,0,4,129
115,4,7,0,3,2,0,0,90,4,1,5,1,1,875000,0,3,13
175,0,12,0,3,2,1,0,138,8,1,5,1,1,3200000,0,7,82
175,8,13,2,2,0,1,0,150,8,2,5,1,1,1535000,0,5,106
450,8,4,0,3,2,3,0,380,28,12,4,1,6,16900000,0,5,50
185,0,10,0,0,0,1,0,140,9,1,5,1,1,2090000,0,4,22
310,2,4,0,3,2,3,0,260,21,12,4,1,6,6150000,0,7,63
280,8,13,1,3,0,1,0,230,12,2,6,0,1,7600000,0,5,77
250,8,11,0,3,0,1,0,200,17,2,4,1,1,2350000,0,5,7
450,2,4,2,3,2,0,0,440,4,3,4,1,1,3150000,0,5,30
160,7,8,2,3,0,1,0,140,8,1,5,0,1,1350000,0,4,2
185,6,14,0,3,2,1,0,180,8,1,6,1,1,1800000,0,5,121
380,8,13,0,3,1,2,0,315,21,2,9,1,1,5950000,0,5,48
55,8,3,0,3,2,0,0,50,1,1,4,1,1,649000,0,5,31
110,0,7,0,3,0,0,0,85,4,1,6,1,1,1100000,0,5,38
210,0,14,0,3,0,1,0,153,12,1,5,1,1,3699000,0,4,111
170,0,14,0,0,2,0,0,130,8,2,5,1,1,1950000,0,5,16
125,0,13,0,0,2,1,0,95,4,2,5,1,1,1400000,0,5,133
85,8,3,2,2,2,0,0,65,4,1,5,1,1,820000,0,5,31
85,3,3,0,2,2,0,0,55,1,6,4,0,1,675000,0,5,31
135,7,14,0,2,2,1,0,100,4,2,5,1,1,1450000,0,5,16
125,0,9,0,0,0,0,0,110,8,1,5,1,1,1675000,0,4,135
300,0,3,0,3,0,3,0,280,22,12,9,1,6,18500000,0,5,34
80,5,8,0,3,2,0,0,70,1,9,6,1,1,748000,0,4,93
160,5,8,0,2,2,0,0,135,8,1,6,1,1,1449000,0,4,93
175,1,11,1,3,0,1,0,140,8,1,5,1,1,3490000,0,5,124
280,0,3,0,3,0,1,0,260,16,12,4,1,6,14500000,0,5,34
245,0,3,0,3,0,1,0,216,16,12,4,1,6,5750000,0,5,50
200,2,14,1,2,2,1,0,160,12,2,6,1,1,2300000,0,7,82
130,0,14,0,0,2,1,0,120,8,1,6,0,1,315000,0,5,133
160,5,8,0,2,2,0,0,135,8,1,6,1,1,1149000,0,4,93
130,0,12,0,3,2,1,0,115,4,1,6,0,1,290000,0,4,2
175,0,6,0,3,0,1,0,125,8,1,4,1,1,1499000,0,4,47
150,5,8,0,3,0,0,0,149,8,1,6,1,1,1500000,0,4,116
175,8,14,0,2,2,1,0,155,8,1,5,1,1,1525000,0,7,82
175,0,12,0,3,2,1,0,155,8,1,4,1,1,2200000,0,4,129
130,0,14,0,0,2,1,0,118,8,1,6,1,1,205000,0,5,49
400,0,3,0,3,0,2,0,350,8,12,4,1,6,22500000,0,5,21
100,5,3,1,2,2,0,0,80,4,1,8,1,1,500000,0,1,63
375,5,2,0,3,2,2,0,300,8,4,8,1,1,1600000,0,5,67
360,0,3,0,3,0,1,0,320,22,12,4,1,6,9500000,0,7,122
187,8,14,2,3,0,1,0,155,8,1,6,0,1,2599000,0,7,117
125,4,3,1,3,1,0,0,100,4,9,6,1,1,1390000,0,7,16
120,5,3,1,3,0,0,0,100,8,9,4,1,1,970000,0,5,18
135,0,10,0,3,0,1,0,100,4,1,5,1,1,315000,0,5,133
90,7,14,1,3,0,0,0,65,8,1,5,1,1,825000,0,7,82
170,2,13,2,3,0,0,0,140,8,2,5,1,1,1650000,0,4,108
190,0,14,0,3,0,1,0,145,12,1,5,1,1,3100000,0,7,82
130,5,4,1,3,0,0,0,110,8,1,4,1,1,1050000,0,7,82
175,8,7,1,1,0,0,0,150,8,1,4,1,1,1500000,0,7,117
175,2,10,0,2,2,0,0,157,8,1,6,1,1,1850000,0,7,16
200,0,13,0,3,0,1,0,180,12,1,6,1,1,3500000,0,4,36
120,1,14,0,3,2,1,0,100,4,2,6,1,1,1575000,0,7,82
175,2,13,1,2,2,0,0,150,8,2,6,1,1,1475000,0,7,117
488,0,2,0,3,0,0,0,411,7,12,8,1,4,750000,0,0,132
120,1,14,0,3,2,0,0,95,4,1,6,1,1,1450000,0,5,133
110,0,5,0,3,0,0,0,90,4,1,6,1,1,1650000,0,7,63
85,7,14,1,3,1,0,0,45,1,1,6,1,5,919000,0,7,82
175,4,14,0,2,0,1,0,150,8,2,5,1,1,2200000,0,7,82
270,8,5,0,2,2,2,0,250,12,8,6,1,1,2350000,0,5,48
160,3,11,0,2,0,0,0,135,8,1,6,1,1,1270000,0,5,0
95,1,6,1,3,1,0,0,78,4,1,4,1,1,1285000,0,7,105
106,0,10,0,0,0,1,0,75,4,1,3,1,1,1525000,0,4,95
155,4,15,1,2,0,1,0,105,8,1,3,1,1,1650000,0,5,121
340,5,2,0,3,2,0,0,170,22,12,8,1,4,4900000,0,7,73
200,6,10,0,2,0,1,0,175,12,1,5,1,1,2590000,0,5,124
175,2,13,0,3,0,1,0,138,8,1,5,1,1,2300000,0,5,124
240,0,2,0,0,0,3,0,190,16,12,4,1,6,11000000,0,5,21
170,8,15,0,2,0,0,0,130,8,1,3,1,1,1750000,0,5,133
145,2,12,0,2,0,1,0,130,8,1,5,0,1,1500000,0,5,38
165,0,12,0,3,0,1,0,129,8,1,5,1,1,2080000,0,5,49
220,0,2,0,3,2,2,0,200,10,12,2,1,6,4000000,0,3,4
200,0,10,0,0,0,1,0,185,8,1,5,1,1,2400000,0,4,66
160,2,12,0,2,2,0,0,130,8,1,4,1,1,1380000,0,5,133
145,3,12,0,2,0,0,0,130,8,1,6,1,1,1300000,0,4,22
110,3,3,0,2,2,0,0,90,4,1,0,1,1,775000,0,5,11
220,6,10,0,2,0,1,0,190,12,1,6,1,1,2600000,0,5,124
128,3,9,1,3,2,0,0,100,8,1,6,1,1,1300000,0,5,133
90,6,5,2,2,0,0,0,85,4,1,6,0,1,1010000,0,5,121
140,2,3,2,3,2,0,0,110,8,1,4,1,1,1075000,0,5,72
220,2,13,2,3,0,1,0,200,12,9,5,1,1,1990000,0,7,117
250,6,4,2,3,2,1,0,210,12,9,6,0,1,2200000,0,5,121
200,7,5,1,3,2,1,0,160,12,9,5,0,1,2350000,0,5,121
195,0,12,0,3,0,1,0,145,12,1,5,1,1,3700000,0,4,6
300,8,2,2,3,0,1,0,280,12,12,8,1,6,12850000,0,5,39
95,7,1,2,3,0,0,0,80,4,12,8,1,6,2250000,0,5,70
155,5,5,1,3,0,0,0,140,8,1,4,1,1,1400000,0,4,43
290,0,3,0,3,0,1,0,289,20,12,4,1,6,10500000,0,5,21
160,0,10,0,3,0,0,0,130,8,1,5,1,1,2150000,0,4,93
240,8,12,1,3,2,1,0,200,12,1,6,1,1,3550000,0,5,124
126,4,17,0,0,0,1,0,106,4,1,5,0,1,2100000,0,4,93
105,0,14,0,1,0,0,0,90,4,1,6,1,1,290000,0,5,49
165,1,9,0,3,0,1,0,135,8,1,5,1,1,1470000,0,5,16
340,8,2,2,3,2,1,0,120,8,12,6,1,4,1970000,0,5,18
175,7,13,2,3,0,1,0,155,8,1,5,1,1,1999000,0,5,94
100,0,10,0,3,2,0,0,85,4,1,6,1,2,295000,0,4,2
165,8,13,1,3,0,1,0,135,8,1,6,1,1,1475000,0,5,49
170,3,4,2,3,2,0,0,150,8,1,4,1,1,1179000,0,4,17
145,0,14,0,3,2,0,0,105,8,1,6,1,2,345000,0,7,82
210,8,5,2,3,2,1,0,190,12,1,4,1,1,2150000,0,4,85
140,0,5,0,0,0,0,0,115,8,1,4,1,1,1350000,0,1,63
120,0,12,0,3,2,0,0,110,4,1,6,1,1,276000,0,4,113
135,0,14,0,1,0,1,0,112,8,1,6,1,1,395000,0,5,121
120,0,12,0,3,2,0,0,100,4,1,6,1,1,275000,0,5,121
113,0,14,0,1,2,1,0,100,8,1,6,1,1,315000,0,5,121
170,8,13,2,3,2,1,0,150,8,1,5,1,1,1539000,0,5,49
130,0,12,0,3,2,0,0,120,8,1,6,1,1,375000,0,5,121
125,5,3,2,3,2,0,0,100,8,1,8,1,1,775000,0,5,78
175,0,13,0,0,2,1,0,128,8,1,5,1,1,2200000,0,4,89
125,0,12,0,3,2,0,0,110,4,1,6,1,1,260000,0,5,107
175,8,14,1,2,0,1,0,150,8,2,3,0,1,1850000,0,5,49
210,0,2,0,3,2,3,0,198,14,12,4,1,6,6750000,0,5,50
170,6,14,0,3,2,1,0,135,8,2,5,1,1,2300000,0,7,82
85,8,5,1,3,2,0,0,65,4,1,5,1,1,784000,0,5,31
80,6,3,1,2,2,0,0,65,1,1,4,1,1,1095000,0,4,135
220,2,5,0,3,2,1,0,200,13,1,4,1,1,3250000,0,7,73
165,2,8,2,3,0,0,0,132,8,1,4,1,1,1200000,0,5,31
165,0,12,0,3,2,1,0,120,8,1,5,1,1,340000,0,5,16
110,0,5,0,3,2,0,0,87,4,1,6,1,1,950000,0,5,16
90,0,15,0,3,2,0,0,70,4,1,5,1,1,1795000,0,4,135
110,7,6,1,2,0,0,0,85,4,9,5,0,1,1250000,0,5,16
175,8,11,1,3,2,1,0,135,8,1,6,1,1,1550000,0,5,133
140,0,12,0,3,2,1,0,120,8,1,5,1,1,585000,0,5,16
115,0,5,0,3,2,0,0,88,4,6,6,1,1,1315000,0,5,16
195,8,10,0,3,2,2,0,170,12,1,5,1,1,5250000,0,4,33
160,0,12,0,3,2,1,0,125,8,1,6,1,2,325000,0,4,2
165,0,12,0,3,2,1,0,135,12,1,6,1,2,625000,0,5,121
165,0,5,0,3,2,2,0,123,8,1,4,1,1,1850000,0,4,113
175,8,10,0,3,2,1,0,140,8,1,6,1,1,2230000,0,4,66
165,8,11,0,3,2,1,0,135,8,1,6,1,1,1745000,0,5,133
175,8,12,0,3,2,1,0,140,8,1,6,1,1,2230000,0,4,66
65,8,3,0,3,2,0,0,60,1,1,4,1,1,680000,0,5,31
165,2,11,1,3,0,0,0,135,8,1,6,0,1,1120000,0,5,16
160,8,12,0,3,0,0,0,128,8,1,6,1,1,1675000,0,5,124
300,2,3,0,3,0,1,0,240,16,12,4,1,6,4650000,0,5,50
95,0,2,0,3,2,0,0,75,4,1,4,1,1,1750000,0,5,50
220,2,14,0,3,2,1,0,160,12,2,4,1,1,2075000,0,7,82
160,0,10,0,3,2,0,0,140,8,1,6,1,1,1565000,0,4,36
185,3,9,2,2,2,1,0,135,8,1,6,1,1,1450000,0,5,38
150,3,9,1,3,0,0,0,120,8,1,6,0,1,1350000,0,5,37
65,7,4,0,3,0,0,0,60,1,1,4,1,1,680000,0,5,31
165,8,14,1,3,0,0,0,145,8,1,6,1,1,1525000,0,7,82
175,8,10,1,3,0,1,0,155,8,1,5,1,1,1500000,0,5,52
225,8,13,0,3,0,0,0,185,20,2,5,1,1,2175000,0,4,110
145,3,1,2,3,0,0,0,120,8,12,8,1,4,830000,0,4,117
200,0,14,0,3,0,1,0,160,12,2,5,1,1,2450000,0,4,101
150,0,1,0,3,0,0,0,149,8,12,2,1,4,1250000,0,7,71
100,0,5,0,3,0,0,0,85,4,0,5,1,1,1150000,0,5,107
175,8,11,0,3,0,1,0,140,8,1,4,1,1,2230000,0,4,101
165,8,13,1,3,0,0,0,135,8,1,4,1,1,1275000,0,7,82
165,0,14,0,3,0,1,0,135,8,2,5,1,1,1575000,0,4,96
140,8,12,2,3,0,0,0,120,8,1,5,1,1,1450000,0,5,0
180,0,14,0,3,0,1,0,126,8,2,5,1,1,3499000,0,7,82
152,0,11,0,3,0,1,0,110,8,2,5,1,1,2670000,0,4,95
130,5,4,0,3,0,0,0,100,8,1,4,1,1,1300000,0,4,104
170,8,9,2,3,0,0,0,135,8,1,5,1,1,1700000,0,4,110
106,0,10,0,3,0,1,0,75,4,1,5,1,1,1525000,0,4,95
185,0,10,0,0,0,1,0,135,8,1,5,1,1,1875000,0,4,129
185,0,8,0,0,0,1,0,135,8,1,5,1,1,2850000,0,4,110
145,2,5,2,2,0,0,0,125,8,1,4,1,1,1250000,0,5,7
165,1,15,0,0,0,1,0,115,8,1,6,1,1,1595000,0,5,49
175,7,2,2,2,0,1,0,150,8,12,4,1,6,2500000,0,1,126
185,0,10,0,3,0,1,0,145,12,1,5,1,1,2150000,0,5,16
188,7,14,2,3,0,1,0,150,10,1,5,1,1,2140000,0,7,82
195,0,2,0,1,2,1,0,165,16,12,4,1,6,9000000,0,5,21
185,8,4,1,3,2,1,0,145,10,1,4,1,1,1700000,0,3,3
130,2,10,0,2,0,0,0,110,8,1,3,1,1,1125000,0,4,22
120,0,10,0,3,0,0,0,100,4,1,5,1,1,265000,0,7,82
155,1,9,0,3,0,0,0,130,8,1,6,1,1,1595000,0,4,36
170,0,14,0,3,0,1,0,130,8,1,5,1,1,1600000,0,5,37
195,0,2,0,1,2,1,0,165,16,12,4,1,6,9050000,0,5,21
80,5,8,2,3,2,0,0,70,1,6,6,1,1,748000,0,4,93
165,8,12,1,2,2,1,0,135,8,1,5,1,1,1610000,0,5,121
165,8,12,0,3,0,0,0,130,8,1,4,0,1,1380000,0,4,2
165,0,14,1,3,0,1,0,145,8,1,5,1,1,335000,0,5,133
170,7,14,2,3,0,0,0,135,8,1,5,1,1,1449000,0,7,82
185,6,12,0,2,0,1,0,135,8,1,5,0,1,2050000,0,4,111
170,8,14,2,3,0,0,0,135,8,1,5,1,1,1525000,0,7,82
110,0,2,0,3,0,0,0,90,4,1,4,1,1,1375000,0,7,73
165,0,4,0,3,0,1,0,135,8,1,5,1,1,420000,0,5,133
200,4,2,1,3,0,1,0,165,8,12,4,1,6,4450000,0,5,133
230,0,15,2,0,0,1,0,200,12,1,5,1,1,3550000,0,4,47
100,8,5,1,3,0,0,0,85,4,1,5,1,1,925000,0,5,31
155,8,14,1,3,0,1,0,135,8,1,5,1,1,1675000,0,7,82
450,8,3,2,3,0,3,0,400,21,12,4,1,6,21000000,0,5,34
350,0,2,0,3,0,3,0,250,9,12,9,0,6,8950000,0,5,65
120,8,12,0,3,0,1,0,90,8,1,6,1,1,100000,0,5,49
175,2,12,1,2,0,0,0,125,8,1,5,1,1,1600000,0,5,38
130,6,7,1,2,2,0,0,112,8,1,5,1,1,1470000,0,5,16
175,3,6,2,3,0,0,0,125,8,1,4,1,1,1550000,0,5,38
125,0,5,0,3,0,2,0,110,7,1,5,1,1,1445000,0,7,16
165,8,8,2,3,0,0,0,130,8,1,4,1,1,1350000,0,5,136
210,8,14,0,2,0,1,0,180,12,1,5,0,1,2455000,0,5,49
155,8,14,2,3,0,0,0,135,8,2,6,1,1,1400000,0,7,82
165,0,5,0,0,2,1,0,135,8,1,4,1,1,1540000,0,5,136
165,2,9,0,3,0,0,0,135,8,1,6,0,1,1479000,0,5,124
175,2,9,1,3,0,1,0,135,8,1,4,1,1,1375000,0,5,52
100,8,5,2,2,1,0,0,85,4,1,6,1,1,1020000,0,5,31
220,6,10,0,0,0,1,0,200,12,1,5,1,1,4700000,0,4,110
195,0,2,0,1,2,1,0,165,16,12,4,1,6,9000000,0,5,21
100,5,2,1,3,0,0,0,85,4,1,8,1,1,850000,0,4,116
1237,3,2,0,2,0,0,0,1235,8,12,8,1,4,9445000,0,7,122
420,2,3,2,3,0,1,0,370,20,12,4,1,6,17900000,0,7,63
165,7,14,1,2,1,0,0,145,8,1,5,1,1,1650000,0,5,0
190,0,12,0,0,2,1,0,140,8,1,5,1,1,1950000,0,5,121
200,8,8,2,2,1,1,0,185,12,11,5,1,1,2500000,0,5,16
185,0,11,0,0,2,1,0,145,12,1,5,1,1,2500000,0,5,16
215,0,2,0,3,0,1,0,150,12,12,4,0,6,4150000,0,3,23
165,2,4,0,2,2,0,0,120,8,11,4,1,1,1250000,0,4,114
200,8,13,1,2,1,0,0,165,8,2,4,1,1,2800000,0,5,5
185,1,12,0,0,2,1,0,135,8,1,5,1,1,1900000,0,4,22
155,3,10,0,3,2,1,0,130,8,1,5,1,1,1870000,0,4,93
165,3,5,1,2,1,0,0,130,8,11,4,1,1,998000,0,5,109
175,8,9,0,2,2,1,0,135,8,1,5,1,1,1599000,0,4,36
190,8,14,0,3,0,1,0,145,12,1,5,1,1,1670000,0,7,117
195,0,2,0,1,2,1,0,165,16,12,4,1,6,9000000,0,5,21
185,0,13,0,3,0,1,0,150,12,1,5,1,1,2789000,0,5,48
175,8,14,0,3,2,1,0,130,8,2,5,1,1,1600000,0,7,82
175,0,13,0,3,0,1,0,150,8,2,5,1,1,1900000,0,5,121
175,2,10,2,3,0,1,0,140,8,1,4,0,1,1599000,0,7,117
165,0,10,0,3,0,1,0,135,8,1,5,1,1,2050000,0,4,85
110,0,5,0,1,0,1,0,85,4,1,4,1,1,1250000,0,1,116
600,8,3,0,2,2,1,0,440,16,12,4,1,6,10500000,0,7,122
175,0,10,0,3,0,1,0,135,8,1,5,1,1,1750000,0,5,136
140,0,6,0,1,0,1,0,118,8,1,4,1,1,2250000,0,1,116
170,2,4,2,3,2,0,0,135,8,1,4,1,1,1450000,0,4,129
90,0,4,0,1,0,0,0,70,4,1,4,1,1,1200000,0,1,63
150,2,12,0,2,2,0,0,125,8,1,6,1,1,1550000,0,5,124
175,2,13,2,2,1,0,0,135,8,2,6,1,1,1250000,0,4,17
135,3,15,1,3,2,0,0,100,8,1,6,1,1,1200000,0,7,82
175,7,14,0,3,0,0,0,130,8,2,6,1,1,1780000,0,5,49
240,5,2,2,2,2,2,0,228,16,1,4,1,1,2750000,0,5,38
110,0,9,0,3,0,1,0,90,4,1,4,1,1,1450000,0,7,16
230,8,12,2,3,0,1,0,210,12,9,5,1,1,2090000,0,7,117
120,8,14,0,3,0,0,0,90,6,1,5,0,1,1390000,0,7,82
185,0,14,0,0,2,1,0,140,8,2,6,1,1,1890000,0,4,95
175,7,13,1,2,0,1,0,130,8,1,5,1,1,1775000,0,5,121
155,0,11,0,0,2,0,0,115,8,1,5,1,1,2400000,0,7,16
120,0,10,0,1,0,0,0,100,4,1,5,1,2,230000,0,4,29
175,0,14,0,0,2,1,0,140,8,1,5,1,1,2100000,0,5,133
115,5,2,0,2,0,0,0,110,8,1,4,1,1,1200000,0,1,14
80,8,8,0,3,0,0,0,65,1,1,6,1,1,875000,0,7,82
175,2,13,1,2,0,1,0,135,8,1,5,0,1,1550000,0,7,117
175,0,9,0,0,2,1,0,130,8,1,5,1,1,1600000,0,5,16
160,1,12,1,2,1,1,0,130,8,1,5,1,1,1325000,0,4,22
175,0,13,0,3,2,1,0,135,8,1,5,1,1,1620000,0,5,83
185,0,7,0,0,2,1,0,155,8,1,4,1,1,1695000,0,5,83
165,8,14,1,2,1,1,0,135,8,1,5,1,1,1950000,0,5,49
130,5,2,0,3,0,0,0,95,4,12,4,1,4,2750000,0,5,38
210,0,14,0,3,0,1,0,150,12,1,5,1,1,3300000,0,5,49
65,8,4,0,3,2,0,0,60,4,1,6,1,1,820000,0,5,31
210,0,2,0,0,2,1,0,180,12,12,4,1,6,5750000,0,5,49
175,0,10,0,3,0,1,0,140,8,1,5,1,1,1693000,0,4,85
175,0,10,0,3,0,1,0,135,8,1,5,1,1,1800000,0,5,16
165,8,14,0,3,0,1,0,145,8,2,6,1,1,1354000,0,5,133
125,8,14,0,3,2,0,0,100,6,1,5,1,1,1490000,0,7,82
180,3,7,2,3,0,0,0,145,8,9,6,1,1,1125000,0,5,52
50,8,14,1,3,2,0,0,40,1,2,5,1,1,925000,0,7,82
130,0,10,0,3,0,1,0,100,7,1,5,1,1,1680000,0,4,22
202,0,11,0,3,0,1,0,140,12,1,5,1,1,2999000,0,4,95
180,0,11,0,0,1,1,0,135,12,1,5,1,1,2070000,0,4,22
130,0,10,0,3,2,1,0,110,4,1,5,1,2,195000,0,5,121
170,0,5,0,0,2,1,0,145,10,1,4,1,1,1400000,0,5,40
120,7,7,0,3,0,0,0,90,4,1,4,1,1,1219000,0,7,82
165,0,8,0,0,0,1,0,130,8,1,4,1,1,1475000,0,5,136
120,0,12,0,3,0,0,0,100,4,1,5,1,1,1650000,0,5,121
200,7,2,2,3,0,1,0,180,8,12,4,1,6,4000000,0,5,133
165,2,12,0,3,0,1,0,132,8,1,6,1,1,1295000,0,5,49
230,0,13,0,3,0,1,0,200,12,1,5,1,1,3550000,0,4,36
130,0,5,0,1,0,1,0,110,8,9,4,1,1,1100000,0,1,15
130,8,9,0,2,0,0,0,100,8,1,4,1,1,1050000,0,5,99
135,7,14,2,2,2,0,0,120,6,1,5,0,1,1450000,0,7,105
150,5,4,1,3,1,0,0,135,4,1,3,1,1,780000,0,4,83
140,1,4,0,3,0,0,0,110,8,6,5,1,1,1200000,0,4,87
300,6,2,2,3,2,1,0,250,10,12,4,1,6,6750000,0,5,39
3015,2,3,2,3,2,5,0,3000,27,12,0,1,6,11950000,0,3,23
155,8,12,0,2,0,1,0,120,8,2,6,1,1,1350000,0,4,22
200,0,14,0,0,2,1,0,160,12,2,5,1,1,2685000,0,7,82
200,7,11,2,3,0,1,0,170,12,1,5,0,1,2550000,0,5,118
200,8,14,2,3,0,1,0,185,12,1,5,1,1,3000000,0,7,16
180,0,2,0,3,0,1,0,150,12,12,4,1,6,4999000,0,5,21
523,5,2,2,2,2,0,0,400,4,12,8,1,4,985000,0,9,103
125,0,4,0,3,2,0,0,115,8,9,5,1,1,1200000,0,4,87
135,0,14,0,3,2,1,0,130,8,1,5,1,1,2100000,0,5,133
175,6,14,2,3,0,1,0,140,8,1,5,1,1,1999000,0,7,82
200,8,14,0,3,0,1,0,185,8,1,5,1,1,1975000,0,4,110
275,0,2,0,3,0,2,0,265,16,12,9,1,6,12750000,0,5,21
175,0,10,0,3,0,0,0,155,8,1,5,1,1,2300000,0,7,16
175,3,5,1,3,0,1,0,145,8,1,4,1,1,2750000,0,7,16
260,3,2,0,3,0,1,0,250,12,12,4,1,6,8750000,0,5,34
135,5,7,1,3,0,0,0,110,4,6,5,1,1,820000,0,4,93
165,1,11,0,3,0,1,0,135,8,1,5,1,1,1950000,0,4,10
240,2,12,2,3,0,1,0,210,12,1,5,0,1,3900000,0,4,125
175,0,6,0,3,0,1,0,138,8,1,5,1,1,1720000,0,9,54
165,0,13,0,3,0,1,0,150,10,1,5,1,1,1999999,0,4,96
200,0,14,0,3,0,1,0,175,12,1,5,1,1,2365000,0,4,117
200,0,6,0,3,0,1,0,175,12,1,5,1,1,1920000,0,9,54
65,8,4,1,2,0,0,0,55,1,1,6,1,1,780000,0,7,73
180,8,10,0,3,1,1,0,160,8,1,5,1,1,2450000,0,4,125
165,0,10,0,3,0,1,0,120,8,1,6,1,1,1600000,0,5,37
150,0,4,0,0,2,1,0,125,12,1,4,1,1,1800000,0,1,116
160,7,12,1,3,0,1,0,155,8,1,5,1,1,1599000,0,4,6
100,2,4,1,3,0,0,0,99,4,9,5,1,1,890000,0,5,31
155,5,13,2,3,0,0,0,140,8,1,6,0,1,1275000,0,4,93
195,7,12,1,3,0,1,0,175,8,1,5,1,1,1550000,0,4,22
130,7,14,0,3,0,0,0,110,4,1,6,1,1,1359000,0,7,82
175,8,11,0,3,0,1,0,140,8,1,5,0,1,1795000,0,7,16
165,0,10,0,3,0,0,0,130,8,1,6,1,1,2329000,0,7,16
135,2,15,0,3,0,0,0,115,8,1,6,1,1,1043000,0,7,82
275,5,8,0,3,0,1,0,230,16,1,6,1,1,2985000,0,5,5
130,0,12,0,3,0,1,0,110,4,1,5,1,1,315000,0,5,133
170,3,8,0,3,0,0,0,135,8,1,6,0,1,1670000,0,7,16
160,8,13,1,3,0,1,0,125,8,2,5,0,1,1675000,0,5,133
210,2,8,2,3,0,2,0,190,13,1,4,1,1,2400000,0,5,72
110,0,12,0,3,2,0,0,100,4,1,6,1,1,275000,0,4,113
122,0,6,0,3,0,0,0,105,4,1,5,0,1,74500,0,4,135
135,0,6,0,3,0,1,0,120,4,1,5,1,1,1400000,0,7,82
175,4,10,2,3,0,1,0,138,8,1,5,1,1,1820000,0,4,66
300,2,11,0,3,0,1,0,265,13,2,4,1,1,2499000,0,5,124
155,8,12,1,3,0,0,0,135,8,1,6,1,1,1520000,0,7,117
340,2,1,2,2,0,0,0,120,8,7,8,1,1,1970000,0,5,30
165,6,14,0,3,0,1,0,140,8,1,5,1,1,1800000,0,7,82
110,0,1,0,3,0,0,0,90,4,12,8,1,4,1350000,0,5,37
185,0,8,0,3,0,1,0,170,8,1,5,1,1,1900000,0,5,37
450,8,3,0,3,0,2,0,400,25,12,4,1,6,10750000,0,5,21
165,2,11,0,3,0,0,0,135,8,1,6,1,1,1360000,0,5,124
275,3,14,0,3,0,1,0,250,12,1,6,1,1,4950000,0,5,5
175,0,14,0,3,0,1,0,155,8,2,5,1,1,4000000,0,5,77
350,0,2,0,3,0,2,0,300,16,12,9,1,6,38000000,0,5,34
280,0,14,0,3,0,1,0,240,12,1,5,1,1,9000000,0,5,55
270,8,2,1,3,0,1,0,240,22,12,4,1,6,5900000,0,4,36
200,3,8,0,3,0,0,0,188,8,1,6,1,1,1790000,0,4,51
200,8,11,0,3,0,1,0,185,12,1,5,1,1,2750000,0,5,124
165,1,8,0,0,2,1,0,135,8,1,5,1,1,1950000,0,4,120
245,8,11,2,2,0,1,0,235,12,2,6,1,1,3700000,0,5,77
210,0,9,0,3,0,1,0,155,12,1,5,1,1,3200000,0,5,49
135,0,10,0,3,0,0,0,115,4,1,5,1,1,1500000,0,5,121
132,8,7,1,3,0,0,0,131,8,1,4,1,1,985000,0,5,31
300,5,3,2,2,0,2,0,280,26,12,4,1,4,4000000,0,7,105
180,0,12,0,3,0,1,0,135,10,1,5,1,1,2200000,0,5,49
220,7,13,0,3,0,1,0,170,12,1,5,1,1,3000000,0,5,124
234,6,14,0,3,0,1,0,200,12,2,5,1,1,4200000,0,5,124
160,2,13,0,3,0,0,0,130,8,1,6,1,1,1625000,0,4,119
175,6,13,0,3,0,1,0,155,8,2,5,1,1,2750000,0,4,111
200,8,14,0,3,0,1,0,150,12,1,5,1,1,5990000,0,5,5
95,0,10,0,3,2,1,0,75,4,1,6,1,2,180000,0,4,2
165,7,2,0,2,0,1,0,110,13,1,4,1,1,2825000,0,4,53
120,8,1,0,2,0,0,0,100,4,12,8,1,4,2495000,0,7,62
130,0,14,0,3,0,0,0,110,4,1,5,1,1,2075000,0,7,16
160,3,1,0,2,0,0,0,140,6,12,0,1,4,2000000,0,7,63
200,8,14,0,2,2,1,0,185,8,1,5,1,1,1970000,0,4,110
265,8,14,0,3,0,2,0,230,12,1,5,1,1,6400000,0,5,124
200,5,3,2,2,2,1,0,160,8,12,4,1,4,3500000,0,1,131
125,5,5,1,3,0,0,0,90,4,1,4,1,1,875000,0,4,74
650,5,4,2,3,2,3,0,600,28,12,4,1,0,7000000,0,5,72
170,8,15,1,2,0,1,0,140,8,1,5,1,1,1550000,0,5,133
200,0,2,0,3,0,1,0,160,13,12,4,1,6,8500000,0,5,21
130,0,1,0,3,0,0,0,100,6,12,8,1,4,2400000,0,5,37
135,4,4,2,3,2,1,0,110,8,1,4,0,1,925000,0,1,131
175,0,15,0,0,0,1,0,150,4,1,5,1,2,280000,0,4,2
110,2,8,2,3,2,0,0,100,4,1,6,0,1,1250000,0,5,9
220,4,11,2,3,0,1,0,175,12,1,5,1,1,3750000,0,4,111
170,2,4,2,2,0,0,0,150,8,1,4,1,1,1179000,0,4,17
300,6,10,2,3,0,1,0,220,16,1,5,1,1,3590000,0,5,124
220,2,10,1,3,2,1,0,175,12,1,5,0,1,3200000,0,5,77
165,0,7,0,0,0,1,0,130,8,1,4,1,1,1575000,0,4,135
150,8,5,1,2,0,1,0,125,8,1,4,0,1,1350000,0,5,136
100,0,12,0,3,0,0,0,85,4,1,6,1,2,295000,0,4,2
165,8,11,1,3,2,0,0,125,8,1,6,1,1,1520000,0,5,16
130,0,10,0,3,0,1,0,110,8,1,6,1,2,410000,0,4,2
145,3,10,0,3,0,0,0,115,8,1,4,1,1,1000000,0,4,51
90,0,9,0,3,0,0,0,70,1,1,5,1,1,1050000,0,4,135
180,0,14,0,1,0,1,0,130,8,1,5,1,1,1850000,0,7,82
200,4,2,0,2,2,0,0,170,8,12,8,1,4,1200000,0,1,126
270,7,14,1,3,0,1,0,250,12,2,5,1,1,3000000,0,4,6
187,8,14,2,3,0,1,0,145,8,2,5,1,1,2200000,0,7,82
132,5,1,0,3,0,0,0,120,8,12,8,1,4,590000,0,4,97
300,5,2,1,3,0,0,0,200,8,12,4,1,4,1690000,0,5,100
246,3,4,1,2,0,3,0,200,28,12,4,1,4,2550000,0,5,30
220,2,13,2,3,0,1,0,190,12,1,4,1,1,3020000,0,7,117
250,2,13,2,3,0,2,0,220,14,2,4,1,1,2575000,0,5,77
200,8,13,0,3,0,1,0,165,8,1,4,0,1,2699000,0,7,16
150,5,5,0,3,0,0,0,130,8,1,4,1,1,1299000,0,4,43
200,1,14,1,3,0,1,0,175,12,1,5,1,1,2650000,0,7,82
188,1,14,2,3,0,1,0,133,8,1,5,1,1,2550000,0,7,82
185,2,14,2,2,2,1,0,160,8,1,6,1,1,2780000,0,5,77
200,2,15,0,3,0,1,0,175,8,1,4,1,1,1450000,0,7,82
550,8,3,2,3,0,3,0,250,20,12,4,1,6,7000000,0,5,21
150,3,4,0,3,1,0,0,120,8,1,4,1,1,1200000,0,9,68
135,3,5,0,2,2,0,0,120,6,9,4,1,1,1250000,0,7,16
175,8,11,0,3,0,1,0,160,8,1,6,1,1,2350000,0,4,111
220,1,14,0,3,0,1,0,169,14,1,5,0,1,4200000,0,5,48
400,5,12,0,3,0,2,0,350,17,2,6,1,1,5450000,0,5,5
175,8,12,1,3,2,0,0,135,8,1,6,1,1,1375000,0,5,49
195,8,12,2,3,0,0,0,165,8,1,5,1,1,1650000,0,5,133
135,2,15,0,3,0,0,0,110,8,1,6,1,1,1175000,0,7,82
175,5,12,2,3,0,0,0,140,8,1,6,1,1,1190000,0,5,106
65,7,3,0,3,2,0,0,60,1,1,4,1,1,670000,0,5,31
250,8,10,2,3,0,1,0,230,12,1,6,0,1,2940000,0,7,16
246,2,14,2,3,0,1,0,210,12,2,4,0,1,4000000,0,7,16
190,8,5,0,3,0,0,0,160,10,1,4,1,1,1870000,0,7,16
220,8,13,1,3,0,1,0,190,12,1,4,0,1,2550000,0,7,117
135,2,15,1,3,0,0,0,118,8,1,6,1,1,1400000,0,7,82
170,6,12,1,3,0,0,0,135,8,1,5,1,1,1475000,0,5,107
220,0,7,0,3,2,1,0,185,12,1,6,1,1,1950000,0,4,89
135,5,15,1,3,2,0,0,120,8,2,6,1,1,1300000,0,7,82
85,6,9,1,2,1,0,0,70,4,1,5,0,1,1450000,0,4,135
100,5,35,1,2,0,0,0,80,4,5,4,1,1,650000,0,4,93
115,0,9,0,0,2,0,0,100,6,1,5,1,1,1320000,0,4,135
165,0,5,0,3,0,1,0,135,8,1,4,1,1,1390000,0,5,136
140,0,12,0,0,2,0,0,110,8,1,6,1,1,1750000,0,4,85
170,6,12,2,3,0,1,0,140,8,2,5,1,1,1875000,0,4,108
100,7,5,1,3,0,0,0,85,4,1,6,1,1,1075000,0,5,31
300,0,2,0,3,0,3,0,250,20,12,4,0,6,7500000,0,4,36
90,0,7,0,3,0,0,0,75,4,1,5,1,1,1250000,0,5,18
200,4,2,2,3,0,1,0,180,16,12,4,1,6,7900000,0,5,39
130,5,3,2,3,0,0,0,110,8,1,8,1,1,950000,0,5,38
85,0,1,0,3,0,0,0,70,4,12,2,1,4,2750000,0,5,98
160,0,7,0,3,2,1,0,125,8,1,5,1,1,1650000,0,4,89
220,8,13,1,3,0,1,0,190,12,1,6,1,1,3075000,0,5,77
175,8,14,1,3,0,1,0,135,8,1,6,1,1,1430000,0,7,82
175,0,10,0,3,0,1,0,135,10,1,5,1,1,1450000,0,5,49
165,7,7,1,2,0,1,0,130,8,1,4,1,1,1650000,0,5,136
150,2,15,2,3,0,1,0,120,8,2,6,1,1,935000,0,5,136
195,0,2,0,1,2,1,0,165,16,12,4,1,6,9000000,0,5,21
180,6,13,0,3,0,1,0,140,8,2,5,1,1,2530000,0,7,82
200,0,14,0,3,0,1,0,150,12,1,5,1,1,3600000,0,4,111
500,1,1,2,3,2,0,0,100,6,8,3,1,1,4250000,0,3,115
195,0,2,0,1,2,1,0,165,16,12,4,1,6,9050000,0,5,21
180,0,12,0,0,2,1,0,140,8,9,5,1,1,2150000,0,5,133
110,0,4,0,0,2,0,0,85,4,1,4,1,1,1350000,0,1,131
195,0,2,0,1,2,1,0,165,16,12,4,1,6,9000000,0,5,21
135,8,7,2,2,0,1,0,129,8,6,4,1,1,1019000,0,1,15
120,0,5,0,0,2,0,0,90,4,1,4,1,1,1395000,0,1,41
120,0,10,0,1,0,0,0,100,4,1,5,1,1,215000,0,7,82
345,0,3,0,3,0,5,0,285,20,12,9,1,6,13000000,0,5,7
210,8,14,1,2,2,0,0,175,8,1,6,1,1,2145000,0,7,16
175,2,9,1,2,0,0,0,155,8,1,4,0,1,1420000,0,4,27
155,7,14,0,2,2,1,0,125,8,1,5,1,1,1350000,0,7,82
165,0,9,0,0,0,0,0,110,8,1,6,1,1,2250000,0,4,111
185,2,10,2,2,1,1,0,145,8,1,6,1,1,1550000,0,5,107
140,0,4,0,0,2,0,0,120,8,1,4,1,1,1350000,0,1,16
180,8,15,1,3,2,0,0,175,8,2,4,0,1,1800000,0,7,82
175,7,14,0,3,0,0,0,140,8,1,5,1,1,1540000,0,7,82
155,6,14,0,2,2,1,0,115,8,1,5,1,1,1350000,0,7,82
155,7,14,0,3,0,0,0,130,8,1,5,1,1,1435000,0,7,82
175,0,10,2,2,0,1,0,160,8,1,5,1,1,1780000,0,5,133
155,7,14,2,2,2,0,0,130,8,2,5,1,1,1565000,0,7,82
165,8,14,2,3,0,0,0,130,8,2,5,1,1,1580000,0,7,82
175,0,9,0,3,0,1,0,145,8,1,5,1,1,1550000,0,5,136
125,0,1,0,3,0,0,0,100,8,12,8,1,6,2990000,0,3,13
120,0,9,0,3,0,0,0,100,4,1,5,1,1,1175000,0,4,135
195,8,12,1,3,0,0,0,170,8,1,6,1,1,2300000,0,7,16
210,0,11,0,3,0,1,0,185,12,1,5,1,1,1650000,0,4,36
175,7,14,0,3,0,1,0,150,8,1,5,1,1,1950000,0,7,82
120,2,9,1,2,0,0,0,95,8,1,6,1,1,1125000,0,5,133
270,0,3,0,3,0,2,0,230,21,12,9,0,6,12500000,0,5,34
175,7,14,2,3,0,1,0,140,8,1,5,1,1,2070000,0,7,82
120,4,14,0,3,1,0,0,100,4,2,5,1,1,1410000,0,7,82
175,8,13,2,2,2,0,0,130,8,2,5,1,1,2200000,0,7,117
470,0,2,0,3,0,0,0,160,8,12,2,1,6,980000,0,5,12
130,2,7,2,3,2,0,0,115,8,1,6,0,1,1500000,0,5,31
209,3,4,1,2,0,3,0,100,28,12,8,1,4,2150000,0,5,90
100,0,5,0,3,2,0,0,90,4,1,6,1,1,270000,0,4,113
155,8,14,0,2,0,0,0,125,8,2,5,1,1,1585000,0,7,82
159,2,10,1,3,2,1,0,145,8,1,7,1,1,1125000,0,4,89
310,2,3,0,3,2,2,0,260,21,12,6,1,6,6150000,0,7,63
130,3,3,1,3,2,0,0,120,4,1,4,1,1,780000,0,4,47
175,8,14,0,2,0,1,0,155,8,1,5,1,1,1525000,0,7,82
230,0,12,0,3,2,0,0,120,8,1,6,1,1,375000,0,4,113
130,0,12,0,3,2,0,0,120,8,1,6,1,1,305000,0,5,107
160,0,11,0,0,0,0,0,135,8,1,5,1,1,2400000,0,7,16
130,5,3,1,2,0,0,0,100,4,1,4,1,1,850000,0,4,47
165,0,10,0,0,0,1,0,145,8,1,6,1,1,1350000,0,4,36
90,0,15,0,0,0,0,0,70,4,1,5,1,1,1795000,0,4,135
140,5,3,1,2,0,0,0,100,8,1,8,1,1,1010000,0,7,63
864,8,2,2,3,0,2,0,340,17,12,4,1,6,4685000,0,4,53
170,3,10,1,3,0,0,0,140,8,1,6,1,1,1500000,0,5,106
100,0,10,0,3,2,0,0,85,4,1,6,1,2,300000,0,4,2
175,8,14,2,3,0,1,0,148,8,2,5,1,1,2200000,0,4,101
210,0,2,0,0,0,3,0,198,12,12,4,1,6,6750000,0,5,50
190,0,12,0,3,0,1,0,175,12,1,5,1,1,3400000,0,5,49
195,0,2,0,1,2,1,0,165,16,12,4,1,6,9100000,0,5,21
165,0,9,0,3,0,1,0,125,8,1,5,1,1,1675000,0,4,35
205,0,14,0,0,2,1,0,175,12,1,5,1,1,2650000,0,4,96
187,2,14,1,3,0,0,0,145,8,1,5,0,1,1965000,0,7,16
120,0,14,0,3,0,1,0,98,6,1,5,1,1,1510000,0,7,82
140,5,3,0,3,2,0,0,120,4,1,4,1,1,950000,0,4,83
195,0,2,0,1,2,1,0,165,16,12,4,1,6,9100000,0,5,21
185,8,4,1,2,2,1,0,145,12,1,4,1,1,1700000,0,3,3
280,5,10,0,3,0,2,0,240,12,1,5,1,1,4350000,0,5,5
132,2,9,0,3,2,0,0,116,8,1,4,1,1,1150000,0,5,31
145,0,12,0,3,2,1,0,125,8,1,5,1,2,415000,0,4,2
600,0,2,0,0,2,3,0,210,14,12,4,1,6,6750000,0,5,50
175,8,14,2,3,2,1,0,145,8,1,6,1,1,1900000,0,5,16
100,0,12,0,3,2,0,0,95,4,1,6,1,2,300000,0,5,133
175,0,7,0,0,2,0,0,145,8,1,6,1,1,1850000,0,4,110
1237,2,2,0,2,0,0,0,1235,8,12,8,1,4,9500000,0,7,122
175,8,14,0,2,2,1,0,150,8,1,6,1,1,1950000,0,7,82
100,7,6,0,3,0,1,0,85,4,1,5,1,1,1250000,0,5,16
185,0,12,0,0,2,1,0,150,8,1,5,1,1,1650000,0,5,49
175,0,11,0,3,0,0,0,140,8,1,6,1,1,1575000,0,5,37
180,2,12,0,2,0,1,0,150,8,1,5,1,1,2115000,0,5,1
150,2,12,0,2,2,0,0,120,8,1,6,1,1,1450000,0,4,17
330,8,3,0,3,2,6,0,329,0,12,2,1,0,1820000,0,5,30
170,0,10,0,3,2,1,0,135,8,1,6,1,1,2000000,0,4,129
145,0,4,0,0,2,1,0,125,8,1,4,1,1,1300000,0,1,63
165,8,6,0,3,1,0,0,130,8,1,4,1,1,1350000,0,5,18
100,0,10,0,3,0,0,0,85,4,1,6,1,2,300000,0,4,2
210,0,12,0,3,2,1,0,190,12,1,5,1,1,2850000,0,4,111
130,3,8,2,3,0,0,0,110,8,1,4,1,1,1150000,0,5,18
230,0,1,0,3,2,1,0,180,12,12,4,1,6,5800000,0,5,50
135,0,8,0,3,2,0,0,110,8,1,4,1,1,1850000,0,4,114
100,5,3,0,2,0,0,0,80,8,5,8,1,1,580000,0,4,83
170,5,12,0,3,0,0,0,135,8,1,9,1,1,1500000,0,5,1
225,0,14,0,3,2,1,0,175,14,1,5,0,1,4250000,0,4,111
165,0,14,0,1,0,1,0,130,12,1,5,1,2,600000,0,5,121
185,8,14,0,2,2,1,0,148,8,2,5,1,1,2450000,0,7,82
155,2,15,0,3,0,0,0,135,8,1,6,1,1,1320000,0,7,82
500,8,2,2,3,0,2,0,190,9,12,4,1,6,7750000,0,5,39
185,7,10,0,3,0,1,0,145,8,1,5,1,1,2000000,0,7,105
165,7,3,2,2,0,0,0,140,8,1,4,1,1,1800000,0,1,134
175,8,13,1,3,0,0,0,145,8,2,6,1,1,1650000,0,7,117
210,8,8,1,3,0,1,0,190,12,1,9,1,1,2325000,0,4,111
110,5,4,0,2,0,0,0,90,4,9,8,0,1,750000,0,1,131
165,7,4,1,3,2,0,0,124,8,1,5,0,1,1410000,0,5,16
165,4,12,1,3,2,0,0,135,8,1,5,0,1,1570000,0,5,16
120,8,13,2,3,2,1,0,90,4,1,5,1,1,1170000,0,4,22
250,5,1,2,3,0,0,0,200,8,12,2,1,6,28500000,0,5,65
250,5,1,2,3,0,0,0,200,8,12,2,1,6,19500000,0,5,65
180,8,13,0,3,0,0,0,160,8,1,5,1,1,1640000,0,5,133
5000,5,3,0,3,2,0,0,290,20,12,8,1,6,5100000,0,4,97
165,8,14,1,3,0,1,0,164,8,2,5,1,1,1690000,0,4,22
85,2,8,1,3,2,0,0,75,4,6,6,1,1,925000,0,5,31
160,0,10,0,3,0,1,0,115,4,1,4,1,1,300000,0,4,2
180,2,11,0,3,2,0,0,140,8,1,4,0,1,2150000,0,7,117
1014,2,4,0,3,2,4,0,480,19,12,4,1,6,18750000,0,7,122
180,4,13,1,2,0,1,0,149,12,1,5,1,1,2100000,0,4,36
155,3,9,2,3,0,0,0,125,8,6,6,1,1,1330000,0,5,133
165,0,12,0,3,0,1,0,125,8,1,5,1,1,311000,0,5,49
175,2,14,2,3,0,1,0,135,8,6,6,1,1,1330000,0,5,49
85,6,9,1,2,2,0,0,70,4,1,5,1,1,1315000,0,4,135
165,8,8,2,2,2,0,0,136,8,1,4,1,1,1450000,0,5,16
120,3,5,1,2,1,0,0,100,8,6,6,1,1,905000,0,5,99
115,5,5,2,3,2,0,0,95,4,1,4,1,1,885000,0,4,113
165,8,12,0,2,2,0,0,150,8,1,5,1,1,1550000,0,5,133
180,5,12,2,3,0,0,0,150,8,1,6,1,1,2150000,0,4,33
110,0,7,0,0,0,0,0,90,4,1,6,1,1,1325000,0,5,38
165,8,11,0,2,0,0,0,120,8,1,5,1,1,1700000,0,5,16
200,0,12,0,0,2,1,0,180,12,9,5,1,1,2650000,0,4,22
145,3,12,1,3,0,0,0,130,8,1,6,0,1,1349999,0,5,16
250,7,2,0,3,0,1,0,200,10,12,4,0,6,7250000,0,5,39
90,0,5,0,0,2,0,0,75,4,1,4,1,1,1150000,0,1,63
140,0,4,2,3,0,0,0,120,8,1,4,1,1,1579000,0,1,16
220,0,2,0,0,2,1,0,160,10,12,4,1,6,6750000,0,5,49
280,0,14,0,3,2,1,0,260,12,1,5,1,1,8500000,0,5,55
185,0,14,0,3,0,1,0,135,8,1,5,1,1,2850000,0,7,82
185,0,14,0,3,0,1,0,135,8,1,5,1,1,2775000,0,7,82
240,0,14,0,3,0,1,0,210,12,1,5,1,1,5500000,0,7,16
645,5,1,0,3,2,0,0,640,1,6,8,1,1,945000,0,4,97
165,7,12,2,0,0,1,0,135,8,1,6,1,1,1650000,0,4,35
165,5,2,2,3,2,0,0,150,8,12,8,1,3,1725000,0,4,97
165,4,6,2,0,0,1,0,135,8,1,5,1,1,1600000,0,5,133
185,2,14,1,3,2,0,0,140,8,2,6,1,1,1350000,0,7,117
100,3,8,1,3,2,0,0,80,8,1,5,1,1,910000,0,5,8
175,8,12,2,3,2,0,0,150,8,1,6,1,1,3500000,0,5,77
180,0,14,0,3,2,0,0,165,8,2,6,1,1,1850000,0,5,109
125,3,15,1,3,2,0,0,100,8,1,5,1,1,920000,0,5,136
881,2,2,2,3,2,3,0,220,25,12,8,1,6,1930000,0,6,46
110,0,9,0,3,2,0,0,85,4,1,6,1,1,295000,0,4,2
175,0,12,0,0,0,1,0,135,8,1,6,1,1,1850000,0,5,83
186,2,4,2,2,0,0,0,154,12,3,4,1,1,1450000,0,1,116
180,8,8,1,2,2,1,0,150,8,1,6,1,1,1550000,0,4,95
330,0,3,0,3,2,2,0,270,21,12,9,1,6,15500000,0,5,34
130,5,7,1,3,2,0,0,100,8,9,4,1,1,780000,0,5,109
130,3,15,2,3,0,0,0,110,8,2,6,1,1,965000,0,5,136
100,8,7,1,3,1,0,0,70,1,1,6,1,1,955000,0,7,82
135,7,10,1,2,0,0,0,115,4,1,5,1,1,1275000,0,5,18
110,2,11,0,3,2,0,0,90,6,1,6,1,1,1295000,0,5,70
175,8,14,0,2,0,1,0,155,8,2,5,1,1,1625000,0,7,82
187,8,14,0,3,2,1,0,165,8,1,4,1,1,1980000,0,7,117
280,8,14,0,3,2,1,0,250,12,2,5,1,1,2799000,0,7,82
205,5,15,2,2,0,1,0,170,12,1,5,1,1,2480000,0,4,111
175,0,12,0,3,2,1,0,135,8,1,6,1,1,2080000,0,4,36
135,0,15,0,0,0,0,0,110,8,1,5,1,1,2100000,0,4,93
144,0,3,0,0,2,1,0,110,8,1,4,1,1,1750000,0,1,63
155,8,14,2,3,2,0,0,135,8,1,5,1,1,1650000,0,7,82
95,6,17,1,3,2,0,0,70,4,1,6,0,1,1750000,0,4,93
110,8,14,0,3,2,0,0,85,4,1,5,1,1,1410000,0,7,117
170,8,9,1,2,2,0,0,130,8,1,6,1,1,1460000,0,5,124
210,8,14,0,2,2,1,0,165,12,1,6,1,1,2990000,0,4,17
175,0,10,0,0,0,1,0,132,8,1,6,1,1,1799000,0,5,9
170,0,11,0,3,0,1,0,130,8,1,6,1,1,2250000,0,4,66
210,8,13,0,3,2,1,0,160,12,2,5,1,1,3440000,0,4,111
300,5,2,0,3,0,0,0,250,8,12,8,1,4,2695000,0,5,79
165,7,13,2,2,1,0,0,130,8,1,5,1,1,2125000,0,5,118
160,8,14,2,3,0,0,0,130,8,1,5,1,1,1587000,0,7,82
175,8,11,2,3,0,1,0,155,8,1,6,1,1,1485000,0,5,52
70,1,7,1,3,1,0,0,60,1,1,5,1,1,1100000,0,7,16
165,2,8,2,3,0,0,0,135,8,1,4,1,1,1575000,0,5,31
115,0,5,0,0,0,0,0,100,8,0,5,1,1,1540000,0,5,107
220,8,14,2,3,2,1,0,185,12,1,5,1,1,2890000,0,7,82
150,2,9,1,2,0,1,0,135,8,1,6,0,1,1350000,0,4,89
155,8,9,2,2,2,0,0,130,8,1,4,1,1,1650000,0,4,2
175,0,12,0,3,2,1,0,145,8,1,5,1,1,1850000,0,5,121
215,0,14,0,3,0,1,0,155,12,2,5,1,1,3700000,0,5,49
165,2,14,1,3,2,1,0,135,8,1,5,0,1,1455000,0,5,49
90,8,9,2,2,0,0,0,85,4,1,5,0,1,920000,0,9,44
165,2,10,1,3,2,0,0,135,8,1,6,1,1,1400000,0,4,36
550,2,3,0,2,2,3,0,500,22,12,4,0,6,22750000,0,5,34
185,0,10,0,3,2,1,0,145,10,1,5,1,1,2600000,0,7,82
85,8,12,1,3,1,6,0,75,4,1,5,1,1,825000,0,7,82
185,8,3,1,2,2,1,0,140,8,1,4,1,1,1635000,0,5,94
150,3,15,0,2,0,0,0,125,8,1,6,1,1,1275000,0,7,82
185,0,7,0,3,0,1,0,145,10,1,5,1,1,3500000,0,5,48
155,0,14,0,3,0,1,0,120,8,1,6,0,2,395000,0,4,29
187,8,14,2,3,0,1,0,155,8,1,6,1,1,2189000,0,7,82
135,0,11,0,3,0,4,0,130,4,1,6,1,1,290000,0,5,121
135,0,10,0,3,0,1,0,130,8,1,6,1,1,370000,0,5,121
350,0,2,0,3,0,1,0,200,10,12,4,1,6,4250000,0,3,23
195,8,13,1,3,0,1,0,165,8,2,5,1,1,2200000,0,7,117
150,1,14,1,3,0,0,0,110,6,2,5,1,1,1430000,0,7,82
120,0,8,0,3,0,1,0,103,6,1,5,1,1,1775000,0,5,18
120,5,2,2,2,2,0,0,100,8,4,4,1,1,1630000,0,4,119
100,4,13,1,3,0,0,0,85,4,1,5,1,1,1400000,0,7,82
75,7,14,2,3,0,0,0,50,1,1,5,1,1,1150000,0,7,82
145,2,12,0,2,2,0,0,120,8,1,4,1,1,1390000,0,5,133
155,8,7,0,3,0,0,0,130,8,1,6,1,1,1550000,0,5,72
140,8,13,1,3,2,0,0,110,8,1,4,1,1,1420000,0,4,85
90,8,14,1,2,1,0,0,70,1,1,5,0,1,1050000,0,5,49
220,2,13,2,3,2,1,0,180,12,1,4,1,1,2150000,0,7,16
185,0,12,0,3,0,1,0,132,8,1,5,1,1,1900000,0,5,121
165,1,14,1,3,0,0,0,125,8,2,5,1,1,1750000,0,7,82
150,2,15,0,3,2,0,0,135,8,2,6,1,1,1365000,0,7,82
365,0,2,0,3,0,2,0,240,13,12,4,1,6,11000000,0,5,21
185,2,3,0,3,0,0,0,140,8,1,4,1,1,1540000,0,1,92
165,1,7,0,0,0,0,0,135,8,1,5,1,1,1595000,0,4,89
125,8,14,1,3,1,0,0,90,4,2,5,1,1,1250000,0,7,82
170,0,12,0,3,2,1,0,135,8,1,5,1,1,1930000,0,5,0
120,0,10,0,3,2,1,0,100,4,1,5,1,2,292500,0,4,2
296,5,1,0,3,2,0,0,145,8,12,8,1,4,2075000,0,4,114
175,0,14,0,3,2,0,0,145,8,1,5,1,1,2075000,0,4,114
180,8,13,1,2,1,1,0,130,8,1,5,0,1,1795000,0,5,49
155,4,15,1,3,0,0,0,127,8,2,5,1,1,1420000,0,4,113
155,8,14,1,3,2,0,0,135,8,1,5,1,1,1525000,0,7,82
195,2,7,0,3,0,0,0,180,8,1,4,1,1,2800000,0,5,5
255,8,2,0,3,0,1,0,225,12,12,8,1,6,3675000,0,4,130
130,3,3,2,2,2,0,0,110,4,1,4,1,1,875000,0,1,42
170,0,1,0,3,0,2,0,125,8,12,4,0,6,6800000,0,4,36
150,2,11,1,3,0,0,0,135,8,1,5,1,1,1450000,0,7,117
150,5,3,0,3,0,0,0,135,8,1,8,1,1,975000,0,4,116
190,0,7,0,3,0,1,0,150,12,1,5,1,1,2950000,0,5,56
195,0,11,0,3,0,1,0,140,12,1,5,1,1,2500000,0,4,95
270,5,1,2,3,2,0,0,250,8,4,0,1,1,1300000,0,4,120
175,2,8,1,2,2,0,0,150,8,1,4,0,1,1535000,0,5,49
240,3,9,0,2,0,0,0,200,12,1,6,1,1,1845000,0,4,93
170,6,10,2,3,0,1,0,140,8,1,5,1,1,1850000,0,5,94
130,3,15,1,2,0,0,0,115,8,1,6,1,1,875000,0,5,136
180,0,7,0,3,0,1,0,160,12,1,5,1,1,2670000,0,4,89
140,8,15,1,3,2,0,0,130,8,1,5,1,1,1820000,0,7,82
175,6,14,2,3,0,1,0,135,8,2,5,1,1,1500000,0,5,136
100,8,5,2,3,0,0,0,85,4,1,4,1,1,955000,0,5,31
982,5,2,1,3,2,0,0,160,8,12,8,1,4,1740000,0,5,60
155,3,12,2,3,0,0,0,120,8,1,6,1,1,2150000,0,5,124
165,8,7,0,3,0,1,0,135,8,1,4,1,1,1375000,0,5,18
150,2,15,1,3,0,0,0,120,8,1,6,1,1,1275000,0,7,82
150,5,8,1,3,0,0,0,120,8,1,6,1,1,1450000,0,5,78
185,8,14,0,3,0,1,0,165,8,1,6,1,1,1800000,0,7,82
130,0,9,0,3,0,0,0,100,6,1,5,1,1,1930000,0,4,135
145,1,10,0,3,0,0,0,115,4,1,5,1,1,1790000,0,7,16
330,0,2,0,3,0,2,0,300,20,12,9,1,6,25000000,0,5,34
130,0,8,0,3,0,0,0,100,4,1,5,1,1,1350000,0,7,82
165,3,10,2,3,0,0,0,140,8,1,6,1,1,1815000,0,4,43
195,0,2,0,1,2,1,0,165,16,12,4,1,6,9000000,0,5,21
160,5,3,2,3,2,0,0,135,8,1,4,1,1,1130000,0,5,72
170,6,10,2,2,2,0,0,140,8,1,6,1,1,1850000,0,5,94
175,1,13,2,0,0,0,0,135,8,1,6,0,1,1550000,0,5,16
125,0,14,0,3,0,0,0,100,6,2,5,1,1,1925000,0,4,128
150,7,13,1,0,2,1,0,130,8,2,6,0,1,1550000,0,5,40
135,3,9,0,3,2,0,0,110,8,1,5,0,1,1300000,0,4,22
175,8,12,1,3,0,1,0,125,8,1,5,1,1,1599000,0,5,133
170,8,14,0,2,2,0,0,132,8,1,6,1,1,1735000,0,7,117
165,7,10,2,2,0,1,0,140,8,1,3,1,1,2280000,0,4,123
200,7,14,0,3,0,3,0,160,10,2,5,0,1,2350000,0,7,82
187,8,10,2,3,0,1,0,152,8,1,5,0,1,2820000,0,7,16
175,7,14,2,2,2,1,0,140,8,1,5,1,1,1865000,0,7,82
175,1,10,0,3,0,0,0,138,8,1,5,1,1,1780000,0,4,96
526,5,1,1,3,0,0,0,525,8,12,8,1,4,1350000,0,5,37
170,7,12,0,3,0,0,0,120,8,1,6,1,1,1450000,0,5,31
135,3,15,2,3,2,0,0,110,8,2,6,1,1,1125000,0,5,83
108,0,14,0,3,0,0,0,90,4,1,5,0,1,2685000,0,7,16
165,8,10,1,2,2,0,0,130,8,1,4,1,1,1400000,0,4,27
95,1,9,1,3,1,0,0,85,4,1,5,1,1,1350000,0,4,135
110,1,8,0,3,0,1,0,90,6,1,4,1,1,1600000,0,7,16
110,0,5,0,3,0,0,0,90,4,0,6,1,1,1035000,0,5,107
180,0,12,0,3,0,1,0,150,8,1,5,1,1,1540000,0,5,136
175,8,13,1,3,0,1,0,138,8,1,4,1,1,1830000,0,5,18
185,1,17,1,3,0,1,0,150,8,2,5,1,1,2300000,0,4,93
110,3,3,2,3,0,0,0,90,4,9,4,1,1,885000,0,5,72
150,3,14,2,3,0,0,0,130,8,1,6,1,1,1289000,0,7,82
175,0,12,0,3,0,0,0,135,8,1,5,1,1,2100000,0,5,124
185,2,14,1,3,0,1,0,135,12,1,6,1,1,1800000,0,7,16
