Binanın Yaşı,Binanın Kat Sayısı,Kullanım Durumu,Türü,Net Metrekare,Oda Sayısı,Bulunduğu Kat,Isıtma Tipi,House Price,Şehir,İlçe,Mahalle
0,7,0,0,150,9,1,5,3200000,0,4,47
0,2,0,0,125,7,8,5,4500000,0,3,36
8,9,0,0,100,4,8,6,920000,0,4,17
8,11,2,0,155,8,2,6,2600000,0,4,135
4,13,0,0,135,7,2,7,2300000,0,4,127
7,11,1,0,140,7,1,7,1735000,0,4,124
8,6,0,0,140,7,1,5,2525000,0,3,131
3,7,0,0,120,7,1,7,1250000,0,3,20
5,2,0,0,80,4,8,5,1650000,0,4,49
3,9,2,0,120,7,1,7,1300000,0,4,7
0,8,0,0,125,7,1,6,2380000,0,3,88
6,10,0,0,105,4,1,7,1390000,0,4,124
1,12,0,0,130,7,1,6,1950000,0,4,124
8,4,0,0,190,11,1,6,2300000,0,4,135
8,12,2,0,135,7,1,5,1770000,0,4,11
2,12,0,0,130,7,1,7,1380000,0,4,91
0,9,0,0,120,7,1,5,2000000,0,4,11
0,14,0,0,155,11,1,6,2750000,0,3,131
2,7,0,0,130,7,1,6,1280000,0,4,15
2,10,0,0,135,7,1,5,1575000,0,3,122
8,13,2,0,135,7,2,6,1600000,0,4,15
8,8,2,0,120,7,1,7,1600000,0,4,74
8,13,1,0,165,7,1,6,1895000,0,3,100
2,7,2,0,175,7,1,7,2100000,0,4,56
5,5,0,0,100,4,8,7,955000,0,3,86
5,5,1,0,105,4,1,5,900000,0,4,56
8,3,0,0,145,7,1,5,1635000,0,4,37
8,8,1,0,270,7,1,7,2550000,0,4,37
2,9,2,0,145,7,1,6,2095000,0,4,127
8,14,0,0,130,7,1,7,1485000,0,4,138
8,13,0,0,165,7,1,7,1485000,0,4,138
7,13,0,0,130,7,1,7,1770000,0,4,135
0,5,0,0,100,4,1,5,1450000,0,4,67
4,12,1,0,120,7,1,6,1445000,0,3,20
6,19,0,0,170,11,2,6,2850000,0,3,96
7,5,2,0,165,11,1,7,3000000,0,3,88
0,12,0,0,135,7,1,6,1595000,0,4,40
8,12,2,0,160,7,1,6,1575000,0,3,20
2,9,0,0,115,7,1,6,1350000,0,4,37
3,1,0,0,237,7,8,9,870000,0,4,74
0,12,0,0,138,7,1,6,2080000,0,4,48
5,11,0,0,130,7,1,7,1800000,0,4,91
5,6,2,0,110,7,8,6,970000,0,3,86
7,14,1,0,210,11,2,6,7000000,0,3,33
2,8,1,0,150,7,1,5,1588000,0,3,78
3,4,2,0,155,7,1,5,1320000,0,4,76
6,14,1,0,160,7,1,6,330000000,0,3,113
8,12,2,0,125,7,1,7,1900000,0,4,135
3,8,2,0,135,4,1,5,1250000,0,3,87
3,1,1,0,85,4,4,9,1450000,0,4,40
0,13,0,0,100,4,1,7,1400000,0,4,48
8,14,0,0,110,7,1,5,1500000,0,4,138
2,14,0,0,130,7,2,7,2150000,0,4,127
0,12,0,0,130,6,1,6,1550000,0,3,137
3,8,0,0,155,7,1,5,1499000,0,4,38
2,14,0,0,160,7,2,6,3225000,0,4,81
5,7,1,0,110,4,8,6,820000,0,3,43
3,2,1,0,981,16,8,9,1700000,0,4,59
5,2,0,0,120,10,8,9,220000,0,4,59
5,5,1,0,140,7,8,5,1050000,0,3,118
1,13,1,0,73,4,1,6,1550000,0,3,137
3,2,0,0,140,7,8,3,2850000,0,3,23
2,6,0,0,112,7,1,7,1200000,0,4,31
0,14,0,0,125,7,1,7,403000,0,3,2
0,10,0,0,150,7,1,6,1875000,0,4,48
0,8,0,0,135,7,1,5,1590000,0,4,138
8,7,0,0,125,7,1,5,1280000,0,4,15
0,7,0,0,125,7,1,6,1565000,0,3,92
7,13,0,0,130,7,1,6,1770000,0,4,48
3,4,1,0,130,7,10,5,1550000,0,3,131
8,14,1,0,200,11,1,6,2485000,0,4,124
0,13,0,0,190,11,1,6,3940000,0,3,114
0,12,0,0,150,7,1,7,1275000,0,4,0
0,14,0,0,120,7,1,6,1750000,0,3,130
0,6,0,0,150,7,1,5,1350000,0,4,138
8,12,0,0,240,11,1,6,4575000,0,3,87
4,4,0,0,125,7,8,6,1450000,0,3,90
5,2,2,0,100,7,4,5,1630000,0,3,121
0,8,0,0,103,5,1,6,1775000,0,4,17
8,12,0,0,155,7,2,7,1730000,0,4,37
2,14,1,0,140,7,1,8,2800000,0,4,54
7,9,0,0,145,7,1,6,1799000,0,4,48
3,14,0,0,230,11,2,8,3985000,0,4,5
0,9,0,0,94,4,1,7,287000,0,3,2
6,17,0,0,170,11,2,7,2595000,0,3,96
0,8,0,0,87,4,1,6,290000,0,4,124
0,12,0,0,120,11,1,7,622000,0,4,124
5,7,0,0,135,7,1,7,1225000,0,4,82
0,14,0,0,138,7,1,7,2349000,0,3,100
0,11,0,0,130,7,1,6,2249000,0,3,131
0,10,0,0,132,7,1,6,1799000,0,4,9
3,4,1,0,85,4,1,5,900000,0,4,48
0,14,0,0,120,7,1,7,395000,0,3,29
1,7,0,0,135,7,1,6,1595000,0,3,92
0,12,0,0,132,7,1,6,1900000,0,4,124
1,14,0,0,145,7,1,6,2300000,0,3,20
0,7,0,0,145,9,1,6,3500000,0,4,47
8,10,2,0,185,11,1,6,5200000,0,4,81
6,16,0,0,80,4,1,6,1680000,0,3,96
4,3,1,0,55,1,1,5,1170000,0,3,137
2,5,2,0,120,7,1,5,1650000,0,3,46
8,10,1,0,145,7,1,7,2850000,0,4,127
3,12,1,0,130,7,1,7,1195000,0,3,20
0,4,0,0,85,5,8,5,1600000,0,3,118
0,7,0,0,100,6,1,5,1445000,0,3,137
0,2,0,0,220,11,3,5,6500000,0,4,49
3,14,1,0,130,7,1,6,1265000,0,3,20
0,14,0,0,135,7,1,6,1900000,0,3,20
2,14,1,0,135,7,1,6,1455000,0,4,48
0,14,0,0,120,4,1,7,265000,0,4,110
3,2,0,0,100,5,1,9,1650000,0,3,10
5,3,0,0,110,4,8,9,830000,0,3,73
8,9,2,0,75,1,1,5,755000,0,4,104
2,11,0,0,120,7,1,7,1570000,0,3,111
2,14,2,0,135,7,1,5,1550000,0,3,88
2,14,1,0,210,11,1,7,3440000,0,4,5
8,14,2,0,125,7,1,6,1550000,0,4,15
3,15,2,0,120,7,2,7,770000,0,4,138
5,8,0,0,140,7,1,7,1590000,0,3,43
2,14,0,0,135,7,2,6,1465000,0,4,48
2,13,1,0,130,7,8,7,1525000,0,4,48
3,9,1,0,135,7,1,6,1375000,0,4,48
8,13,0,0,165,7,1,6,1565000,0,4,48
2,9,2,0,120,7,1,7,1375000,0,4,48
2,14,1,0,140,7,1,6,1550000,0,4,135
7,12,0,0,145,7,2,6,1620000,0,4,48
7,8,2,0,130,7,1,6,1300000,0,3,16
0,14,0,0,155,11,2,6,3700000,0,4,48
8,9,2,0,130,7,1,5,1650000,0,3,2
0,5,0,0,100,7,0,6,1550000,0,4,110
2,9,1,0,135,7,1,7,1350000,0,3,92
0,12,0,0,145,7,1,6,1850000,0,4,124
0,10,0,0,100,6,1,6,1700000,0,3,20
5,5,2,0,120,4,1,5,1200000,0,3,96
4,14,2,0,135,7,1,6,2075000,0,4,15
5,3,1,0,100,4,1,5,1250000,0,4,11
0,12,0,0,135,7,1,6,1850000,0,4,110
0,14,0,0,138,9,1,7,2349000,0,3,131
0,11,0,0,130,7,1,7,2249000,0,3,131
8,14,0,0,145,7,2,7,1485000,0,4,48
8,12,1,0,140,7,1,6,1650000,0,3,88
0,5,1,0,140,7,1,7,1960000,0,4,138
8,14,0,0,230,11,1,6,7850000,0,4,127
0,9,0,0,70,4,8,6,1090000,0,3,137
5,2,2,0,165,7,1,5,1250000,0,4,91
8,14,1,0,100,4,2,7,1465000,0,4,124
8,3,1,0,65,4,1,6,760000,0,4,31
8,11,2,0,155,7,1,7,1485000,0,4,51
5,2,0,0,250,7,8,9,2695000,0,4,83
2,8,2,0,135,7,1,5,1575000,0,4,31
8,7,0,0,130,7,1,7,1550000,0,4,76
0,11,0,0,130,7,1,7,2250000,0,3,65
8,13,0,0,160,11,2,6,3440000,0,3,114
0,10,0,0,132,7,1,7,1799000,0,4,9
8,14,0,0,165,11,1,7,2990000,0,3,16
6,17,1,0,70,4,1,7,1790000,0,3,96
8,9,1,0,130,7,1,7,1460000,0,4,127
4,17,1,0,130,7,1,7,2095000,0,3,96
7,2,0,0,190,14,3,5,5150000,0,4,7
7,14,0,0,183,11,2,6,5750000,0,3,113
0,14,0,0,135,7,1,6,1970000,0,3,131
7,3,0,0,250,26,7,5,12500000,0,4,19
8,6,2,0,135,7,1,6,1975000,0,4,74
5,15,2,0,170,11,1,6,2480000,0,3,114
2,11,0,0,90,5,1,7,1295000,0,4,74
7,10,1,0,115,4,1,6,1275000,0,4,17
8,12,2,0,145,7,1,6,1325000,0,3,20
8,11,0,0,90,5,1,7,1295000,0,4,74
0,12,0,0,110,4,1,6,300000,0,3,2
2,10,0,0,125,7,1,7,1190000,0,4,112
7,11,0,0,130,7,1,7,1650000,0,4,15
5,4,2,0,135,7,1,7,1350000,0,4,91
8,2,0,0,95,0,8,2,1130000,0,4,38
0,5,0,0,90,4,1,6,1400000,0,3,94
3,15,2,0,110,7,2,7,965000,0,4,138
8,8,1,0,150,7,1,7,1550000,0,3,99
2,3,0,0,500,23,7,5,22750000,0,4,34
8,12,2,0,180,7,2,6,1550000,0,4,15
0,3,0,0,270,21,3,10,15500000,0,4,34
0,12,0,0,135,7,1,7,1850000,0,4,87
5,7,1,0,100,7,8,5,780000,0,4,112
0,9,0,0,85,4,1,7,295000,0,3,2
0,14,0,0,165,7,2,7,1850000,0,4,112
0,9,0,0,80,4,1,5,1345000,0,3,137
2,9,0,0,75,1,1,5,825000,0,4,104
8,10,1,0,145,7,1,7,1800000,0,4,9
8,10,2,0,125,7,1,7,1580000,0,3,2
8,1,0,0,60,2,7,1,2250000,0,4,19
0,6,0,0,115,7,1,5,1700000,0,4,67
6,2,2,0,320,20,8,5,13750000,0,4,19
3,10,2,0,170,7,1,6,3050000,0,4,5
8,14,1,0,100,4,2,7,1470000,0,4,124
8,11,2,0,150,7,1,6,1530000,0,4,31
8,12,2,0,150,7,1,7,3500000,0,4,81
3,8,1,0,80,7,1,6,910000,0,4,8
3,15,1,0,100,7,1,6,920000,0,4,138
5,2,2,0,150,7,4,9,1725000,0,3,101
7,12,2,0,135,7,1,7,1650000,0,3,35
5,1,0,0,640,1,8,9,945000,0,3,101
4,6,2,0,135,7,1,6,1600000,0,4,135
6,3,2,0,200,28,1,5,15000000,0,4,34
0,3,0,0,185,16,6,5,6500000,0,4,39
0,9,0,0,145,7,1,6,2550000,0,4,7
8,9,1,0,130,7,1,7,1350000,0,3,2
6,4,0,0,200,11,1,6,2350000,0,4,124
1,14,0,0,100,5,1,6,1750000,0,3,130
4,14,0,0,145,9,1,6,2295000,0,3,20
2,6,2,0,80,4,1,5,1065000,0,4,31
8,8,1,0,135,7,1,5,1545000,0,4,135
1,12,2,0,130,7,1,6,1440000,0,3,20
1,10,0,0,138,7,1,6,1755000,0,3,65
0,14,0,0,260,11,1,6,8500000,0,4,54
0,2,0,0,160,9,7,5,6750000,0,4,48
2,9,0,0,130,7,1,6,1250000,0,4,112
0,14,0,0,260,11,1,6,9250000,0,4,54
0,12,0,0,240,16,1,6,7500000,0,4,127
8,9,1,0,135,7,1,5,1495000,0,4,38
0,12,0,0,130,7,1,6,850000,0,4,124
5,10,2,0,110,7,8,5,1175000,0,4,135
0,10,0,0,125,7,1,6,2050000,0,3,88
1,11,0,0,135,7,1,7,1525000,0,4,124
8,8,2,0,140,7,1,6,1675000,0,3,10
3,9,1,0,125,7,1,7,1265000,0,3,20
0,14,0,0,155,7,1,6,2000000,0,3,29
7,4,1,0,95,4,1,6,1199000,0,4,124
5,14,1,0,240,11,1,7,3550000,0,4,5
6,11,1,0,135,7,1,6,2090000,0,4,0
5,2,2,0,140,11,8,5,2900000,0,4,64
5,4,2,0,100,4,8,5,865000,0,4,11
7,2,0,0,200,9,8,5,7250000,0,4,39
3,12,1,0,130,7,1,7,1349999,0,4,15
8,11,0,0,120,7,1,6,1700000,0,4,15
7,13,2,0,130,7,1,6,2305000,0,4,120
0,7,0,0,90,4,1,7,1325000,0,4,38
6,12,0,0,110,7,1,6,1850000,0,4,74
8,3,0,0,250,20,8,5,7000000,0,4,19
8,3,1,0,480,4,8,9,2200000,0,4,104
3,3,2,0,125,7,1,5,1300000,0,3,43
2,11,2,0,145,7,1,7,2950000,0,4,81
8,12,0,0,130,7,1,8,2410000,0,4,81
0,10,0,0,115,4,1,6,1425000,0,4,124
0,10,0,0,75,4,1,6,1300000,0,3,137
8,7,0,0,130,7,1,7,1290000,0,4,15
5,5,1,0,90,7,1,5,925000,0,4,120
8,8,0,0,140,7,1,6,2625000,0,3,33
3,4,2,0,150,7,1,5,1275000,0,3,88
7,14,2,0,200,11,2,6,4350000,0,4,127
5,5,2,0,95,4,1,5,885000,0,3,115
0,12,0,0,125,7,1,6,311000,0,4,48
2,14,2,0,135,7,8,7,1330000,0,4,48
3,9,2,0,125,7,8,7,1330000,0,4,135
3,5,1,0,100,7,8,7,940000,0,4,103
4,13,1,0,149,11,1,6,2100000,0,3,36
8,8,2,0,136,7,1,5,1450000,0,4,15
6,9,1,0,70,4,1,6,1315000,0,3,137
5,5,0,0,135,7,1,5,940000,0,4,110
2,8,1,0,75,4,8,7,925000,0,4,31
8,14,1,0,164,7,2,6,1550000,0,3,20
7,10,1,0,125,7,1,7,1450000,0,4,31
0,7,0,0,140,7,1,6,1580000,0,3,92
8,10,0,0,133,7,1,7,2040000,0,4,127
5,3,1,0,60,4,1,9,750000,0,3,61
6,11,1,0,115,4,1,7,1520000,0,4,17
5,3,1,0,100,7,1,9,850000,0,3,43
5,8,1,0,80,7,1,5,900000,0,4,8
2,8,2,0,130,7,8,5,1145000,0,4,31
0,12,0,0,125,7,1,6,1400000,0,4,138
8,14,0,0,240,11,2,7,5250000,0,3,6
8,14,0,0,175,11,1,6,4150000,0,3,114
8,14,0,0,140,7,1,6,1800000,0,3,130
8,3,2,0,130,7,1,5,1800000,0,4,49
5,9,2,0,105,7,8,7,1200000,0,4,135
6,14,1,0,130,7,1,6,1365000,0,3,20
7,12,2,0,185,11,1,6,3000000,0,3,114
0,3,0,0,359,24,8,5,6500000,0,4,102
8,2,0,0,140,0,8,2,1950000,0,4,15
8,2,0,0,140,0,8,2,2150000,0,4,48
0,10,0,0,85,4,1,7,275000,0,3,2
0,10,0,0,120,7,1,7,400000,0,3,2
8,12,0,0,175,11,1,7,2590000,0,4,127
4,14,1,0,145,7,1,6,3400000,0,4,81
0,14,0,0,125,7,1,6,1650000,0,3,111
7,12,0,0,135,7,1,6,1475000,0,3,20
2,13,2,0,200,11,1,7,4250000,0,4,81
0,13,0,0,97,7,1,6,1459000,0,4,15
3,8,2,0,155,7,1,5,1515000,0,4,38
2,8,0,0,145,7,1,7,1300000,0,3,36
0,10,0,0,120,7,1,6,1950000,0,4,82
8,11,2,0,165,7,1,7,1650000,0,3,20
8,7,0,0,135,7,1,5,1440000,0,4,93
2,12,0,0,135,7,1,5,1595000,0,4,38
0,14,0,0,90,5,1,6,1890000,0,3,20
5,11,2,0,170,11,1,6,2350000,0,3,114
8,13,2,0,130,7,1,6,1750000,0,3,116
7,6,1,0,135,7,1,5,1275000,0,4,15
4,10,0,0,135,7,1,6,1580000,0,4,135
0,3,0,0,100,5,1,5,1250000,0,3,46
0,3,0,0,300,17,3,5,22000000,0,4,34
0,2,0,0,165,16,7,5,9050000,0,4,19
0,2,0,0,165,16,7,5,9050000,0,4,19
0,2,0,0,165,16,7,5,9050000,0,4,19
0,2,0,0,165,16,7,5,9100000,0,4,19
4,14,2,0,240,16,2,7,8700000,0,4,5
0,2,0,0,210,14,3,5,6750000,0,4,49
0,5,0,0,85,4,1,5,950000,0,4,87
2,14,2,0,130,7,1,7,1875000,0,4,109
8,2,0,0,145,0,8,2,1950000,0,4,15
0,10,0,0,135,7,1,7,2300000,0,3,99
5,11,2,0,180,11,1,7,2350000,0,3,107
0,12,0,0,105,7,1,7,2100000,0,3,96
0,14,0,0,140,11,1,6,1875000,0,3,126
0,11,0,0,155,7,1,6,1950000,0,4,112
0,12,0,0,100,6,1,6,1680000,0,3,20
0,15,0,0,140,7,1,6,1850000,0,4,124
8,12,1,0,155,7,1,7,2525000,0,4,81
5,3,2,0,120,7,1,5,890000,0,3,87
5,3,1,0,90,4,5,5,515000,0,3,43
0,13,0,0,130,7,1,7,1650000,0,4,135
2,10,0,0,135,7,1,5,1590000,0,4,38
8,11,0,0,150,7,1,5,1645000,0,4,109
3,1,2,0,150,7,8,9,2150000,0,3,73
7,12,1,0,120,7,1,7,965000,0,3,116
0,9,0,0,105,5,1,6,1350000,0,4,17
8,14,1,0,155,7,1,6,1920000,0,3,119
6,7,1,0,115,7,1,5,1750000,0,4,56
0,7,0,0,130,7,1,5,1950000,0,3,88
8,6,2,0,85,4,1,7,1050000,0,4,31
8,14,1,0,155,7,1,7,1850000,0,4,48
8,14,0,0,175,11,1,6,3500000,0,4,7
0,14,0,0,260,11,2,6,8500000,0,4,54
0,5,0,0,130,7,1,5,1650000,0,3,46
8,2,0,0,140,0,8,2,1995000,0,3,113
5,9,1,0,140,7,1,7,1595000,0,3,33
8,2,0,0,150,0,8,2,2150000,0,4,93
0,13,0,0,145,11,1,6,3250000,0,3,114
0,14,0,0,125,7,1,6,3750000,0,4,81
0,13,0,0,145,11,1,6,3300000,0,3,114
0,14,0,0,160,11,1,6,4950000,0,4,81
0,12,0,0,135,11,1,6,3950000,0,3,6
0,2,0,0,300,20,8,10,25500000,0,4,34
0,14,0,0,125,7,1,6,3350000,0,4,81
5,7,1,0,110,4,1,7,850000,0,3,96
2,5,2,0,119,7,1,5,930000,0,4,15
8,14,2,0,135,7,1,5,1780000,0,4,31
8,12,1,0,162,7,1,7,1975000,0,4,124
2,10,2,0,140,7,1,7,1250000,0,3,20
8,12,0,0,140,7,1,6,2275000,0,4,97
3,4,2,0,130,7,1,5,1350000,0,3,119
3,12,2,0,220,11,1,7,2489000,0,3,33
0,3,0,0,350,26,8,5,4850000,0,3,24
0,2,0,0,200,11,8,10,14550000,0,4,19
0,14,0,0,155,11,1,6,2600000,0,3,6
0,14,0,0,140,7,1,6,2240000,0,3,105
3,3,1,0,120,7,1,5,1100000,0,3,43
0,2,0,0,165,16,7,5,9050000,0,4,19
0,2,0,0,165,16,7,5,9000000,0,4,19
5,3,1,0,130,7,1,5,1250000,0,4,76
5,8,1,0,190,7,1,7,1749000,0,3,96
0,2,0,0,220,11,8,5,5950000,0,4,48
3,7,1,0,110,7,1,5,1365000,0,3,20
0,8,0,0,140,11,1,7,3300000,0,3,99
5,9,2,0,105,7,8,7,1200000,0,4,135
3,1,1,0,200,15,8,9,3400000,0,3,84
8,10,1,0,130,7,1,7,1185000,0,4,47
8,12,0,0,319,18,2,6,4700000,0,4,5
2,14,1,0,135,7,1,5,1400000,0,4,1
2,14,1,0,130,7,1,5,1400000,0,4,1
2,8,2,0,125,7,1,7,1455000,0,4,79
5,3,1,0,125,7,1,9,1315000,0,3,96
8,10,2,0,100,4,1,6,1120000,0,4,38
8,14,2,0,170,11,2,6,4150000,0,4,54
0,2,0,0,200,11,8,5,7000000,0,4,48
0,14,0,0,135,9,1,6,2050000,0,3,131
0,7,1,0,145,7,1,6,1500000,0,3,92
0,8,0,0,155,11,1,6,1920000,0,4,138
0,14,0,0,155,7,1,7,1750000,0,4,37
0,4,0,0,120,7,1,6,1575000,0,3,137
8,4,0,0,500,20,8,10,18250000,0,4,34
8,15,0,0,165,7,1,7,1850000,0,4,109
8,15,2,0,155,7,1,5,1472000,0,4,135
0,10,0,0,115,4,1,5,300000,0,3,2
8,13,0,0,160,7,1,6,1640000,0,4,135
5,1,2,0,200,7,8,2,19500000,0,4,64
5,1,2,0,200,7,8,2,28500000,0,4,64
7,4,1,0,124,7,1,6,1410000,0,4,15
5,3,0,0,290,20,6,9,5100000,0,3,101
4,12,1,0,135,7,1,6,1570000,0,4,15
8,8,1,0,190,11,1,10,2325000,0,3,114
4,14,1,0,145,9,1,6,1510000,0,4,48
0,6,0,0,135,7,1,5,1850000,0,4,31
3,4,1,0,100,7,1,5,995000,0,4,112
0,13,0,0,160,11,1,6,2450000,0,3,105
0,2,0,0,150,11,8,5,6100000,0,4,48
0,13,0,0,130,7,1,6,1700000,0,3,36
3,1,1,0,428,7,8,9,1700000,0,3,113
4,2,2,0,200,16,8,5,6799000,0,4,48
8,2,2,0,190,8,8,5,7750000,0,4,39
0,14,0,0,130,11,1,6,600000,0,4,124
0,14,0,0,175,14,1,6,4250000,0,3,114
0,1,0,0,180,11,8,5,5800000,0,4,49
5,3,0,0,80,7,5,9,580000,0,3,87
0,6,0,0,125,7,1,5,1499000,0,3,46
2,9,2,0,110,7,1,6,1275000,0,4,48
0,12,0,0,125,7,1,6,1800000,0,3,105
5,4,1,0,100,7,1,5,1750000,0,4,38
5,8,1,0,145,7,1,7,1850000,0,3,33
0,14,0,0,140,7,1,6,1700000,0,4,48
8,11,1,0,135,7,1,6,1695000,0,3,113
3,14,0,0,220,11,1,5,3350000,0,4,54
0,10,0,0,130,5,1,7,1065000,0,4,124
3,5,2,0,110,4,1,9,660000,0,3,98
4,16,0,0,90,4,1,6,1395000,0,3,96
8,12,2,0,110,7,2,7,1950000,0,4,7
7,14,0,0,130,7,2,6,1640000,0,3,116
0,2,0,0,100,7,8,9,2400000,0,3,24
0,2,0,0,130,11,8,5,8600000,0,4,34
0,6,0,0,130,7,8,5,1100000,0,4,40
5,12,0,0,135,7,1,10,1500000,0,4,1
3,8,2,0,110,7,1,5,1150000,0,4,17
0,10,0,0,85,4,1,7,300000,0,3,2
8,6,0,0,130,7,1,5,1350000,0,4,17
8,3,0,0,329,0,11,2,1820000,0,4,30
0,10,0,0,135,7,1,7,1800000,0,3,131
0,12,0,0,190,11,1,6,2500000,0,3,114
0,8,0,0,110,7,1,5,1850000,0,3,116
8,3,2,0,65,4,1,6,820000,0,4,31
0,13,0,0,95,4,2,6,1400000,0,4,135
0,8,0,0,145,7,10,7,1670000,0,4,51
0,14,0,0,130,7,2,6,1950000,0,4,15
8,3,0,0,50,1,1,5,649000,0,4,31
6,14,0,0,180,7,1,7,1800000,0,4,124
8,13,0,0,315,21,2,10,5950000,0,4,47
0,14,0,0,153,11,1,6,3699000,0,3,114
7,8,2,0,140,7,1,6,1350000,0,3,2
2,4,2,0,440,4,3,5,3150000,0,4,30
8,13,1,0,230,11,2,7,7600000,0,4,81
8,11,0,0,200,17,2,5,2350000,0,4,7
0,10,0,0,140,8,1,6,2090000,0,3,20
8,4,0,0,380,28,4,5,16900000,0,4,49
8,13,2,0,150,7,2,6,1535000,0,4,109
7,6,0,0,85,4,1,6,1250000,0,4,15
0,7,0,0,145,7,1,7,1850000,0,3,113
0,11,0,0,140,7,1,7,1575000,0,4,37
8,14,2,0,145,7,1,7,1900000,0,4,15
2,9,0,0,116,7,1,5,1150000,0,4,31
0,12,0,0,125,7,1,6,415000,0,3,2
0,12,0,0,95,4,1,7,300000,0,4,135
5,2,0,0,300,7,4,9,1600000,0,4,67
0,3,0,0,350,7,8,5,22500000,0,4,19
0,14,0,0,118,7,1,7,205000,0,4,48
0,3,0,0,260,16,8,5,14500000,0,4,34
0,3,0,0,216,16,8,5,5750000,0,4,49
1,11,1,0,140,7,1,6,3490000,0,4,127
0,3,0,0,280,23,8,10,18500000,0,4,34
0,9,0,0,110,7,1,6,1675000,0,3,137
3,3,0,0,55,1,8,5,675000,0,4,31
5,8,0,0,135,7,1,7,1449000,0,3,96
5,8,0,0,135,7,1,7,1149000,0,3,96
5,3,0,0,120,4,1,5,920000,0,3,87
5,10,0,0,240,11,1,6,4350000,0,4,5
0,2,0,0,165,16,7,5,9100000,0,4,19
0,14,0,0,175,11,1,6,2350000,0,3,100
0,12,0,0,175,11,1,6,3400000,0,4,48
0,9,0,0,125,7,1,6,1675000,0,3,35
8,12,0,0,130,7,1,7,1570000,0,4,124
0,10,0,0,85,4,1,7,300000,0,3,2
3,11,0,0,135,7,1,7,1270000,0,4,0
8,5,0,0,250,11,7,7,2350000,0,4,47
8,11,0,0,220,14,2,6,5250000,0,3,33
1,14,0,0,95,4,1,7,1450000,0,4,135
8,13,1,0,145,7,1,7,1950000,0,4,124
5,5,1,0,140,7,1,5,1400000,0,3,43
0,3,0,0,289,20,8,5,10500000,0,4,19
8,2,2,0,280,11,8,9,12850000,0,4,39
7,1,2,0,80,4,8,9,2250000,0,4,74
0,12,0,0,145,11,1,6,3700000,0,3,6
6,4,2,0,210,11,8,7,2200000,0,4,124
6,5,2,0,85,4,1,7,1010000,0,4,124
3,12,0,0,130,7,1,7,1300000,0,3,20
2,12,0,0,130,7,1,5,1380000,0,4,135
3,9,1,0,100,7,1,7,1300000,0,4,135
3,3,0,0,90,4,1,0,775000,0,4,11
0,10,0,0,185,7,1,6,2400000,0,3,65
0,12,0,0,129,7,1,6,2080000,0,4,48
2,12,0,0,130,7,1,6,1500000,0,4,38
2,13,0,0,138,7,1,6,2300000,0,4,127
0,2,0,0,190,16,7,5,11000000,0,4,19
6,10,0,0,175,11,1,6,2590000,0,4,127
0,10,0,0,75,4,1,3,1525000,0,3,99
4,15,1,0,105,7,1,3,1650000,0,4,124
8,15,0,0,130,7,1,3,1750000,0,4,135
4,17,0,0,106,4,1,6,2100000,0,3,96
3,10,1,0,140,7,1,7,1500000,0,4,109
0,10,0,0,145,7,1,7,1350000,0,3,36
0,12,0,0,120,7,1,7,305000,0,4,110
0,12,0,0,120,7,1,7,375000,0,3,115
0,12,0,0,120,7,1,7,375000,0,4,124
0,13,0,0,128,7,1,6,2200000,0,3,92
0,12,0,0,110,4,1,7,260000,0,4,110
0,12,0,0,110,4,1,7,276000,0,3,115
0,12,0,0,100,4,1,7,275000,0,4,124
0,14,0,0,112,7,1,7,395000,0,4,124
8,5,2,0,190,11,1,5,2150000,0,3,88
0,7,0,0,135,9,1,6,1840000,0,4,7
5,9,1,0,130,7,8,7,1000000,0,4,79
8,13,1,0,135,7,1,7,1475000,0,4,48
3,4,2,0,150,7,1,5,1179000,0,3,16
1,9,0,0,135,7,1,6,1470000,0,4,15
7,13,2,0,155,7,1,6,1999000,0,4,97
2,7,0,0,80,7,1,5,845000,0,3,137
8,2,2,0,120,7,4,7,1970000,0,4,17
8,3,0,0,110,4,3,7,3250000,0,4,30
0,14,0,0,90,4,1,7,290000,0,4,48
0,10,0,0,85,4,1,7,295000,0,3,2
8,12,1,0,200,11,1,7,3550000,0,4,127
8,3,0,0,60,1,1,5,680000,0,4,31
5,5,1,0,80,4,4,5,660000,0,3,86
2,11,1,0,135,7,1,7,1120000,0,4,15
8,12,1,0,145,7,1,7,1795000,0,4,124
8,11,0,0,135,7,1,7,1745000,0,4,135
8,12,0,0,140,7,1,7,2230000,0,3,65
0,12,0,0,135,11,1,7,625000,0,4,124
8,10,0,0,140,7,1,7,2230000,0,3,65
0,5,0,0,123,7,1,5,1850000,0,3,115
0,5,0,0,88,4,8,7,1315000,0,4,15
8,10,0,0,170,11,1,6,5250000,0,3,33
7,6,1,0,85,4,8,6,1150000,0,4,15
8,11,1,0,135,7,1,7,1550000,0,4,135
0,5,0,0,87,4,1,7,950000,0,4,15
0,12,0,0,120,7,1,6,585000,0,4,15
0,12,0,0,120,7,1,6,340000,0,4,15
0,15,0,0,70,4,1,6,1795000,0,3,137
8,12,0,0,135,7,1,6,2000000,0,4,67
6,3,1,0,65,1,1,5,1095000,0,3,137
2,8,2,0,132,7,1,5,1200000,0,4,31
8,5,1,0,65,4,1,6,784000,0,4,31
0,2,0,0,198,14,3,5,6750000,0,4,49
0,2,0,0,75,4,1,5,1750000,0,4,49
0,10,0,0,75,4,1,6,1525000,0,3,99
8,11,0,0,140,7,1,5,2230000,0,3,105
0,14,0,0,135,7,2,6,1575000,0,3,100
0,5,0,0,85,4,0,6,1150000,0,4,110
8,12,2,0,120,7,1,6,1450000,0,4,0
5,4,0,0,100,7,1,5,1300000,0,3,107
3,1,2,0,120,7,8,9,830000,0,3,119
0,14,0,0,160,11,2,6,2450000,0,3,105
7,4,0,0,60,1,1,5,680000,0,4,31
8,10,1,0,155,7,1,6,1500000,0,4,51
3,9,1,0,120,7,1,7,1350000,0,4,37
3,9,2,0,135,7,1,7,1450000,0,4,38
8,12,0,0,128,7,1,7,1675000,0,4,127
2,3,0,0,240,16,8,5,4650000,0,4,49
4,11,0,0,135,7,1,7,2100000,0,3,114
0,11,0,0,185,11,1,6,1650000,0,3,36
2,9,1,0,95,7,1,7,1125000,0,4,135
0,9,0,0,100,4,1,6,1175000,0,3,137
0,9,0,0,145,7,1,6,1550000,0,4,138
1,10,0,0,135,7,1,6,1849000,0,3,100
8,14,0,0,90,4,1,7,1260000,0,4,0
2,15,0,0,120,7,1,7,930000,0,4,138
3,10,0,0,130,7,1,6,1450000,0,3,96
3,4,1,0,95,7,1,9,1850000,0,4,93
0,2,0,0,165,16,7,5,9050000,0,4,19
0,2,0,0,165,16,7,5,9000000,0,4,19
2,10,0,0,110,7,1,3,1125000,0,3,20
0,15,2,0,200,11,1,6,3550000,0,3,46
1,15,0,0,115,7,1,7,1595000,0,4,48
0,10,0,0,145,11,1,6,2150000,0,4,15
2,5,2,0,125,7,1,5,1250000,0,4,7
0,8,0,0,135,7,1,6,2850000,0,3,113
0,10,0,0,135,7,1,6,1875000,0,3,131
0,9,0,0,110,7,1,7,2250000,0,3,114
2,9,1,0,155,7,1,5,1420000,0,3,27
0,3,0,0,285,20,3,10,13000000,0,4,7
2,9,0,0,135,7,1,7,1479000,0,4,127
8,14,0,0,180,11,1,6,2455000,0,4,48
5,2,0,0,90,4,8,5,680000,0,3,86
2,12,1,0,125,7,1,6,1600000,0,4,38
3,6,2,0,125,7,1,5,1550000,0,4,38
6,7,1,0,112,7,1,6,1430000,0,4,15
8,12,0,0,90,7,1,7,100000,0,4,48
0,2,0,0,165,16,7,5,9000000,0,4,19
0,2,0,0,250,8,8,10,8950000,0,4,64
8,3,2,0,400,21,8,5,21000000,0,4,34
0,2,0,0,165,16,7,5,9050000,0,4,19
0,12,0,0,140,7,8,6,2150000,0,4,135
0,11,0,0,135,11,1,6,2070000,0,3,20
0,7,0,0,155,7,1,5,1695000,0,4,87
8,14,1,0,135,7,1,6,1950000,0,4,48
0,2,0,0,180,11,8,5,5750000,0,4,48
1,12,1,0,130,7,1,6,1325000,0,3,20
0,13,0,0,135,7,1,6,1590000,0,4,87
3,5,1,0,130,7,10,5,998000,0,4,112
1,12,0,0,135,7,1,6,1900000,0,3,20
8,8,2,0,185,11,10,6,2500000,0,4,15
8,5,2,0,85,4,1,7,965000,0,4,31
0,5,0,0,135,7,1,5,1540000,0,4,138
0,12,0,0,140,7,1,6,1950000,0,4,124
7,14,1,0,145,7,1,6,1625000,0,4,0
5,2,1,0,85,4,1,9,850000,0,3,118
6,10,0,0,200,11,1,6,4700000,0,3,113
2,9,1,0,135,7,1,5,1375000,0,4,51
0,14,0,0,140,7,1,6,2000000,0,4,135
8,4,0,0,60,4,1,7,820000,0,4,31
0,10,0,0,100,4,1,6,230000,0,3,29
0,14,0,0,140,7,2,7,1890000,0,3,99
0,10,0,0,135,7,1,6,2050000,0,3,88
0,10,0,0,135,7,1,6,1750000,0,4,138
0,13,0,0,150,7,2,6,1800000,0,4,124
0,13,0,0,150,11,1,6,2789000,0,4,47
0,2,0,0,165,16,7,5,9000000,0,4,19
8,9,0,0,135,7,1,6,1599000,0,3,36
2,4,1,0,90,4,1,5,900000,0,4,48
0,2,0,0,165,16,7,5,9000000,0,4,19
0,2,0,0,165,16,7,5,9000000,0,4,19
0,10,2,0,160,7,1,6,1780000,0,4,135
0,10,0,0,135,9,1,6,1450000,0,4,48
7,7,1,0,130,7,1,5,1650000,0,4,138
2,15,2,0,120,7,2,7,935000,0,4,138
0,14,0,0,150,11,1,6,3600000,0,3,114
0,7,0,0,125,7,1,6,1650000,0,3,92
4,2,2,0,180,16,8,5,7900000,0,4,39
8,13,1,0,190,11,1,7,3075000,0,4,81
0,5,0,0,145,9,1,5,1400000,0,4,40
6,2,2,0,250,9,7,5,6750000,0,4,39
7,3,0,0,60,1,1,5,670000,0,4,31
0,13,0,0,200,11,1,6,3550000,0,3,36
0,10,0,0,100,6,1,6,1680000,0,3,20
0,11,0,0,140,11,1,6,2999000,0,3,99
0,10,0,0,110,4,1,6,195000,0,4,124
5,2,0,0,95,4,8,5,2750000,0,4,38
5,3,2,0,110,7,1,9,950000,0,4,38
0,7,0,0,75,4,1,6,1250000,0,4,17
0,1,0,0,70,4,8,2,2750000,0,4,102
7,5,1,0,85,4,1,7,1075000,0,4,31
0,2,0,0,250,20,8,5,6750000,0,3,36
0,9,0,0,100,5,1,6,1320000,0,3,137
0,12,0,0,110,7,1,7,1750000,0,3,88
6,9,1,0,70,4,1,6,1450000,0,3,137
0,5,0,0,135,7,1,5,1390000,0,4,138
5,35,1,0,80,4,5,5,650000,0,3,96
1,9,0,0,120,7,1,6,1720000,0,4,74
0,2,0,0,150,11,8,5,4999000,0,4,19
7,11,2,0,170,11,1,6,2550000,0,4,120
8,12,0,0,120,7,2,7,1350000,0,3,20
1,4,0,0,110,7,8,6,1200000,0,3,90
3,9,2,0,120,7,1,7,1375000,0,4,112
8,9,0,0,100,7,1,5,1050000,0,4,103
5,4,1,0,135,4,1,3,780000,0,3,87
2,12,0,0,132,7,1,7,1295000,0,4,48
7,2,2,0,180,7,8,5,4000000,0,4,135
0,12,0,0,100,4,1,6,1650000,0,4,124
0,8,0,0,130,7,1,5,1475000,0,4,138
6,12,1,0,135,7,1,6,1475000,0,4,110
8,11,0,0,160,7,1,7,2350000,0,3,114
0,13,0,0,150,9,1,6,1999999,0,3,100
2,12,2,0,210,11,1,6,3900000,0,3,128
5,7,1,0,110,4,8,6,820000,0,3,96
5,12,1,0,135,7,1,7,1415000,0,3,96
3,2,0,0,250,11,8,5,8750000,0,4,34
1,11,0,0,135,7,1,6,1950000,0,3,10
0,14,0,0,175,11,1,6,2365000,0,3,119
8,14,0,0,185,7,1,6,1975000,0,3,113
2,14,2,0,160,7,1,7,2780000,0,4,81
8,3,2,0,250,20,8,5,7000000,0,4,19
2,5,1,0,110,7,1,5,789000,0,4,47
5,5,0,0,130,7,1,5,1299000,0,3,43
2,13,2,0,220,14,2,5,2575000,0,4,81
5,2,1,0,200,7,8,5,1690000,0,4,104
5,1,0,0,120,7,8,9,590000,0,3,101
0,12,0,0,100,4,1,7,275000,0,3,115
0,6,0,0,105,4,1,6,74500,0,3,137
8,13,1,0,125,7,2,6,1600000,0,4,135
0,12,0,0,110,4,1,6,315000,0,4,135
5,13,2,0,140,7,1,7,1275000,0,3,96
2,8,2,0,190,12,1,5,2400000,0,4,76
5,8,0,0,230,16,1,7,2985000,0,4,5
3,4,1,0,200,28,6,5,2550000,0,4,30
0,9,0,0,70,1,1,6,1050000,0,3,137
0,10,0,0,110,7,1,7,410000,0,3,2
0,12,0,0,85,4,1,7,295000,0,3,2
7,14,1,0,250,11,2,6,3000000,0,3,6
3,10,0,0,115,7,1,5,1000000,0,3,50
8,11,1,0,125,7,1,7,1520000,0,4,15
1,8,0,0,135,7,1,6,1950000,0,3,122
8,2,1,0,240,23,8,5,5900000,0,3,36
8,11,0,0,185,11,1,6,2750000,0,4,127
0,14,0,0,240,11,1,6,9000000,0,4,54
2,11,0,0,135,7,1,7,1360000,0,4,127
3,14,0,0,250,11,1,7,4950000,0,4,5
6,13,0,0,155,7,2,6,2750000,0,3,114
0,2,0,0,300,16,8,10,38000000,0,4,34
0,14,0,0,155,7,2,6,4000000,0,4,81
0,8,0,0,170,7,1,6,1900000,0,4,37
2,1,2,0,120,7,6,9,1970000,0,4,30
0,1,0,0,90,4,8,9,1350000,0,4,37
2,11,0,0,265,12,2,5,2499000,0,4,127
4,10,2,0,138,7,1,6,1820000,0,3,65
2,8,2,0,100,4,1,7,1250000,0,4,9
8,5,1,0,125,7,1,5,1350000,0,4,138
0,15,0,0,150,4,1,6,280000,0,3,2
0,1,0,0,100,5,8,9,2400000,0,4,37
0,2,0,0,160,12,8,5,8500000,0,4,19
8,15,1,0,140,7,2,6,1550000,0,4,135
5,5,1,0,90,4,1,5,875000,0,3,78
8,14,0,0,230,11,1,6,6400000,0,4,127
8,14,0,0,185,7,1,6,1970000,0,3,113
7,2,0,0,110,12,1,5,2825000,0,3,52
0,10,0,0,75,4,1,7,180000,0,3,2
8,14,0,0,150,11,1,6,5990000,0,4,5
6,14,0,0,200,11,2,6,4200000,0,4,127
2,13,0,0,130,7,1,7,1625000,0,3,121
8,7,1,0,131,7,1,5,985000,0,4,31
0,10,0,0,115,4,1,6,1500000,0,4,124
0,12,0,0,135,9,1,6,2100000,0,4,48
0,9,0,0,155,11,1,6,3200000,0,4,48
8,11,2,0,235,11,2,7,3700000,0,4,81
3,8,0,0,188,7,1,7,1790000,0,3,50
0,11,0,0,130,7,1,7,1590000,0,4,7
8,13,0,0,115,4,1,7,1925000,0,4,47
3,14,2,0,250,11,2,7,6250000,0,4,54
0,9,0,0,110,7,1,6,1675000,0,3,137
2,3,2,0,450,26,8,5,15000000,0,4,34
5,14,2,0,230,11,2,7,3300000,0,4,5
8,14,2,0,180,7,2,6,2490000,0,4,37
5,1,0,0,370,7,6,2,990000,0,3,99
7,14,2,0,135,7,1,6,1480000,0,4,124
0,10,0,0,130,7,1,6,1850000,0,4,124
1,12,2,0,120,7,1,6,2140000,0,3,100
0,1,0,0,200,11,7,5,7000000,0,4,48
0,11,0,0,185,11,1,6,1675000,0,3,36
8,2,2,0,200,7,8,5,4550000,0,4,135
8,4,1,0,65,4,1,5,750000,0,4,31
0,8,0,0,155,11,1,6,2750000,0,3,29
2,9,1,0,135,7,1,7,1720000,0,4,127
6,1,0,0,75,4,8,5,3850000,0,4,19
5,12,1,0,145,7,8,7,1675000,0,4,5
5,3,0,0,100,7,1,9,805000,0,3,46
2,4,2,0,80,4,0,7,895000,0,4,31
5,15,0,0,180,7,2,5,2100000,0,3,96
0,8,0,0,110,7,1,6,2250000,0,3,96
3,12,2,0,175,11,1,7,3000000,0,4,5
0,12,0,0,175,11,2,6,3250000,0,4,47
3,5,1,0,160,7,1,7,2150000,0,3,43
5,12,0,0,230,11,1,7,2550000,0,3,96
1,14,1,0,225,11,1,6,12500000,0,4,81
8,13,1,0,175,7,1,6,2850000,0,4,127
5,12,0,0,150,7,2,6,2395000,0,4,5
7,13,1,0,170,11,1,6,2625000,0,4,127
1,6,1,0,65,1,1,6,850000,0,4,9
8,13,0,0,270,11,1,6,4000000,0,4,110
0,7,0,0,200,11,1,6,2800000,0,3,113
8,13,0,0,185,11,1,6,2625000,0,4,127
2,13,2,0,200,11,1,6,3450000,0,4,81
3,14,2,0,240,11,1,7,3850000,0,4,5
2,14,0,0,145,7,1,7,1750000,0,4,127
2,13,2,0,175,7,1,7,2250000,0,4,81
0,11,0,0,160,11,1,6,2250000,0,3,92
0,2,0,0,180,11,8,5,7750000,0,3,46
0,9,0,0,75,4,8,6,1300000,0,3,137
2,6,0,0,160,7,1,5,3000000,0,4,5
8,13,2,0,270,11,1,6,4200000,0,4,110
0,3,0,0,300,20,8,5,19500000,0,4,34
7,13,0,0,170,11,1,6,2450000,0,4,127
2,13,2,0,400,20,2,7,5570000,0,4,81
5,8,2,0,180,11,1,7,3450000,0,4,5
0,6,0,0,120,7,1,7,2250000,0,3,122
3,9,2,0,120,7,1,5,3150000,0,4,82
6,10,0,0,175,11,1,6,2950000,0,4,127
0,3,0,0,300,23,8,5,14750000,0,4,34
3,2,0,0,90,28,8,9,4250000,0,4,64
5,2,2,0,130,7,1,5,1400000,0,3,118
0,14,0,0,200,11,1,6,4000000,0,3,100
0,9,0,0,90,4,1,6,1850000,0,3,87
8,12,2,0,140,7,1,5,1365000,0,4,31
8,2,2,0,400,23,8,5,22000000,0,4,34
5,12,1,0,180,7,2,7,1415000,0,3,96
5,3,1,0,100,7,1,5,950000,0,3,43
0,10,0,0,135,7,1,6,1650000,0,4,87
8,13,2,0,125,7,2,6,1330000,0,4,138
8,6,1,0,120,7,1,6,1430000,0,4,15
1,7,1,0,130,7,1,6,1640000,0,3,113
1,4,2,0,110,7,1,6,1250000,0,3,90
5,2,0,0,100,7,4,5,800000,0,4,17
5,4,1,0,120,7,1,5,910000,0,4,67
3,9,2,0,100,7,1,5,975000,0,4,1
0,12,0,0,110,7,1,7,1430000,0,4,38
5,3,2,0,130,7,1,5,850000,0,3,87
8,14,0,0,185,11,2,6,3950000,0,4,127
0,2,0,0,175,11,8,5,6000000,0,4,39
4,14,2,0,149,11,1,6,2620000,0,3,6
0,12,0,0,135,7,1,6,210000,0,4,135
3,8,2,0,80,7,1,5,1070000,0,4,8
3,8,1,0,180,7,1,7,1625000,0,3,105
0,8,0,0,120,7,1,6,1650000,0,3,116
7,1,0,0,736,4,6,9,1690000,0,3,75
1,8,0,0,140,11,1,6,2750000,0,3,99
8,5,1,0,65,4,1,6,800000,0,4,31
1,7,1,0,120,7,1,5,1700000,0,3,88
1,10,0,0,85,4,1,5,1250000,0,3,137
0,15,0,0,125,7,1,6,1625000,0,3,126
0,15,0,0,125,7,1,7,295000,0,4,48
6,11,2,0,130,7,1,6,1850000,0,4,124
2,12,1,0,130,7,1,7,1200000,0,3,111
2,9,2,0,135,7,1,6,1250000,0,3,2
0,12,0,0,90,4,1,6,350000,0,4,124
0,10,0,0,145,7,1,6,1780000,0,4,135
8,7,2,0,85,4,1,7,920000,0,4,31
3,9,2,0,95,4,1,7,899000,0,4,135
0,12,0,0,185,16,1,6,2000000,0,4,48
2,13,2,0,155,7,1,6,3000000,0,4,5
0,7,0,0,140,7,1,6,1925000,0,3,113
0,11,0,0,135,7,1,7,1850000,0,4,15
2,13,0,0,155,7,2,5,2500000,0,4,127
5,2,1,0,200,4,1,5,1450000,0,3,6
0,12,0,0,135,7,1,7,1550000,0,4,138
0,13,0,0,135,7,1,6,1800000,0,4,124
8,7,1,0,120,7,1,6,1135000,0,4,31
0,13,0,0,135,7,1,6,1800000,0,4,124
2,13,1,0,160,7,1,5,2450000,0,3,113
5,8,0,0,100,7,8,9,745000,0,4,79
0,14,0,0,140,7,2,6,1950000,0,3,99
0,12,0,0,85,4,1,6,1600000,0,3,100
0,14,0,0,165,14,1,6,2240000,0,3,100
0,7,1,0,120,7,1,5,1695000,0,3,88
6,3,0,0,180,11,7,3,3200000,0,3,132
8,8,2,0,135,7,1,5,1700000,0,4,38
0,3,0,0,265,23,8,10,10000000,0,4,7
0,9,0,0,140,7,1,6,1420000,0,4,15
8,7,1,0,155,7,1,7,1200000,0,3,99
8,9,0,0,90,4,1,5,1240000,0,4,0
2,10,0,0,132,7,1,6,1159000,0,4,48
8,10,2,0,85,4,1,7,1050000,0,3,137
2,13,2,0,190,11,1,7,2500000,0,3,20
2,7,1,0,130,7,1,7,1135000,0,4,56
8,11,2,0,180,11,1,6,4000000,0,3,65
8,10,1,0,135,7,1,7,1450000,0,3,111
4,10,0,0,135,8,1,6,2075000,0,3,20
0,10,0,0,145,7,1,6,1849000,0,3,88
8,1,2,0,100,4,6,11,9350000,0,4,34
0,3,0,0,250,20,8,5,9000000,0,4,19
7,13,1,0,135,7,2,6,1300000,0,4,31
0,2,0,0,340,16,6,5,13990000,0,4,34
0,12,0,0,130,7,1,7,275000,0,3,2
6,13,2,0,130,7,1,6,1470000,0,4,31
4,2,0,0,195,11,8,5,4900000,0,4,34
0,9,0,0,66,4,1,6,1450000,0,3,137
0,8,0,0,125,7,1,7,2300000,0,3,96
5,6,2,0,100,7,1,5,850000,0,3,50
5,4,0,0,125,7,1,5,995000,0,4,76
8,11,2,0,155,11,1,5,2195000,0,4,109
1,9,2,0,115,4,1,7,1350000,0,4,17
0,8,2,0,150,11,1,6,1999000,0,4,15
2,2,0,0,1850,9,6,9,4000000,0,4,60
3,4,1,0,400,28,1,9,1700000,0,4,93
8,14,0,0,220,11,1,7,3250000,0,4,54
8,16,2,0,165,7,1,5,1650000,0,4,47
0,10,0,0,70,4,1,6,900000,0,3,92
8,1,2,0,100,4,8,5,3850000,0,4,39
0,15,0,0,125,7,1,6,1625000,0,3,111
0,10,0,0,120,7,1,7,1990000,0,4,74
0,14,2,0,120,7,1,6,1900000,0,3,131
3,10,2,0,165,11,1,5,2750000,0,3,128
3,3,2,0,150,7,8,5,6800000,0,4,7
0,13,2,0,150,11,1,6,2745000,0,4,127
4,2,2,0,270,11,8,5,8950000,0,4,64
2,9,2,0,140,7,1,7,1325000,0,4,48
2,14,2,0,120,7,2,7,1290000,0,3,113
5,2,0,0,360,28,8,2,12000000,0,4,64
2,6,1,0,110,7,1,5,840000,0,4,17
8,15,2,0,160,7,1,7,1550000,0,4,124
8,11,2,0,180,11,2,6,4350000,0,3,114
8,5,2,0,80,4,1,6,1000000,0,4,31
0,10,0,0,130,7,1,6,1300000,0,4,48
0,6,0,0,150,7,1,5,1350000,0,4,138
7,14,0,0,300,16,1,6,8450000,0,4,127
2,8,0,0,120,7,1,5,1250000,0,4,15
0,2,0,0,120,4,1,5,1750000,0,4,48
8,15,1,0,130,7,1,7,1450000,0,4,48
0,2,0,0,210,11,7,5,6750000,0,4,48
5,4,0,0,90,4,1,2,1199000,0,4,66
0,13,0,0,185,11,1,7,2800000,0,4,127
0,14,0,0,125,7,1,6,1625000,0,3,126
3,3,1,0,65,4,1,7,739000,0,4,31
5,5,1,0,130,7,1,9,775000,0,4,28
0,12,0,0,150,11,1,6,2300000,0,4,127
2,9,1,0,120,7,1,7,1200000,0,3,2
0,76,0,0,110,7,1,5,1300000,0,4,138
2,12,1,0,132,7,1,6,1325000,0,4,135
5,2,0,0,250,21,8,5,2150000,0,3,118
8,6,2,0,185,7,1,5,1400000,0,4,110
2,14,0,0,220,14,1,6,4600000,0,4,5
0,2,0,0,210,16,8,5,6000000,0,4,49
0,9,0,0,115,9,1,6,2200000,0,3,99
8,9,2,0,135,7,1,5,1250000,0,3,36
2,12,2,0,185,11,1,7,2999000,0,4,5
8,10,1,0,140,7,1,6,1650000,0,4,74
8,2,0,0,300,16,8,5,14900000,0,4,39
8,14,1,0,260,11,1,6,4100000,0,4,81
0,7,0,0,115,7,8,5,1500000,0,3,116
4,12,2,0,156,7,1,6,2175000,0,3,119
0,1,0,0,60,29,7,2,1500000,0,3,22
0,14,0,0,115,4,1,7,197000,0,3,29
3,2,2,0,360,23,6,9,9950000,0,4,34
0,2,0,0,450,17,7,5,8999000,0,4,39
5,4,0,0,120,7,1,7,739000,0,4,82
0,15,0,0,170,11,1,7,2650000,0,3,130
3,4,2,0,350,28,8,5,3500000,0,4,64
0,6,0,0,120,7,1,6,1640000,0,3,88
0,12,0,0,90,4,1,6,292000,0,3,2
0,14,0,0,180,11,1,6,2650000,0,3,130
8,15,2,0,140,7,1,7,1500000,0,3,36
0,14,0,0,150,7,1,6,1850000,0,3,65
2,9,1,0,125,7,1,5,1250000,0,4,1
2,10,1,0,135,7,1,7,1565000,0,4,11
2,2,0,0,140,7,8,9,3200000,0,4,12
5,2,1,0,120,4,1,5,875000,0,3,118
0,14,0,0,160,11,1,6,2200000,0,3,92
8,13,0,0,122,7,2,7,1550000,0,3,20
4,16,0,0,85,4,2,6,1550000,0,3,96
7,14,0,0,175,7,8,7,2900000,0,3,16
0,2,0,0,190,16,8,5,5850000,0,4,49
0,13,0,0,155,11,1,7,2250000,0,3,100
8,14,0,0,180,11,1,6,2600000,0,3,16
8,8,0,0,250,20,1,6,7750000,0,3,128
8,12,2,0,125,7,1,6,1475000,0,4,48
4,13,0,0,105,7,2,6,1750000,0,4,124
6,8,2,0,130,7,1,5,1675000,0,4,17
3,9,2,0,195,11,1,7,3450000,0,3,33
8,12,1,0,160,7,1,6,1600000,0,3,20
8,12,2,0,140,7,1,6,1500000,0,3,36
8,14,2,0,165,7,1,7,1750000,0,3,10
8,3,2,0,250,20,8,5,11500000,0,4,34
4,9,1,0,140,7,1,6,1800000,0,3,92
5,14,0,0,230,11,1,7,2950000,0,4,5
0,12,0,0,135,7,1,6,165000,0,4,135
0,12,0,0,100,4,1,6,96000,0,4,124
0,12,0,0,135,11,1,7,650000,0,4,124
0,10,0,0,220,11,1,7,3300000,0,4,38
5,5,2,0,130,7,1,5,1150000,0,4,91
3,2,0,0,150,7,8,9,1100000,0,4,12
0,14,0,0,90,4,1,6,310000,0,4,48
3,2,1,0,361,7,8,9,5500000,0,4,127
0,13,0,0,110,7,1,6,550000,0,4,124
0,2,0,0,200,11,8,5,6750000,0,4,48
0,14,0,0,140,7,1,6,1750000,0,4,135
5,2,1,0,219,7,8,9,1000000,0,3,10
8,15,0,0,200,11,1,7,3450000,0,3,78
0,15,0,0,135,7,1,7,1550000,0,4,138
3,3,2,0,350,24,8,2,5999000,0,4,74
0,14,0,0,87,4,1,6,1000000,0,4,110
8,14,2,0,135,7,2,7,1535000,0,4,1
0,9,0,0,130,7,1,6,2380000,0,4,17
5,8,2,0,120,7,8,6,965000,0,3,87
5,14,2,0,195,11,1,7,2250000,0,3,96
7,3,2,0,300,1,7,5,4850000,0,4,87
4,2,2,0,120,4,8,9,2500000,0,4,72
4,12,0,0,90,4,1,6,1110000,0,4,48
6,10,2,0,180,11,1,6,2500000,0,3,114
2,14,2,0,250,11,2,6,5200000,0,4,127
4,14,2,0,132,7,1,6,2050000,0,4,135
8,10,1,0,150,7,1,5,1300000,0,3,10
0,2,0,0,200,21,8,5,7500000,0,4,7
8,12,2,0,125,7,1,6,1850000,0,4,48
0,10,0,0,135,7,1,6,1350000,0,3,36
5,3,0,0,540,22,8,5,9000000,0,4,34
8,4,2,0,100,4,11,5,3650000,0,4,30
2,14,2,0,150,7,2,5,2090000,0,3,105
2,10,2,0,150,7,1,5,2375000,0,4,38
2,12,1,0,240,11,1,7,3460000,0,4,5
5,8,0,0,140,7,1,7,1650000,0,4,82
2,14,2,0,115,7,1,7,1100000,0,4,138
5,3,1,0,120,7,1,5,785000,0,3,96
8,3,1,0,385,28,7,5,13500000,0,4,34
1,2,2,0,300,16,8,10,9980000,0,4,39
8,14,2,0,135,7,1,7,1455000,0,4,0
2,15,2,0,135,7,2,7,1700000,0,4,56
0,13,0,0,130,7,1,6,1590000,0,4,138
1,13,0,0,135,9,1,6,1750000,0,4,48
2,1,0,0,150,4,4,9,2200000,0,4,18
0,10,0,0,135,7,1,7,1575000,0,4,124
8,2,2,0,250,11,3,9,6750000,0,3,94
5,7,2,0,160,7,1,7,990000,0,4,56
0,10,0,0,180,7,1,7,2100000,0,3,96
4,10,0,0,140,7,1,7,1640000,0,4,37
1,12,0,0,140,11,1,6,2390000,0,3,131
8,12,1,0,135,7,1,7,1300000,0,3,92
8,10,1,0,185,11,1,7,2225000,0,3,33
0,3,0,0,250,20,8,5,11000000,0,4,19
5,5,2,0,100,7,1,5,970000,0,4,8
8,2,2,0,450,28,8,5,18000000,0,4,34
0,12,0,0,135,7,1,7,1560000,0,3,131
1,14,2,0,145,7,1,6,1450000,0,4,17
7,9,0,0,135,7,1,6,1590000,0,4,31
5,1,2,0,110,4,8,5,1250000,0,3,122
0,12,0,0,120,7,1,7,1535000,0,4,138
0,8,0,0,140,7,1,5,1475000,0,3,116
8,12,0,0,135,7,1,6,1600000,0,4,40
0,7,0,0,130,7,1,6,1590000,0,3,92
2,5,1,0,190,7,1,5,1389000,0,3,16
4,2,0,0,380,16,8,5,8350000,0,4,64
3,6,2,0,144,7,1,5,1460000,0,4,120
0,10,0,0,130,7,1,6,1850000,0,4,124
0,13,0,0,140,7,1,6,1850000,0,4,135
0,14,0,0,135,9,1,6,1750000,0,4,124
5,9,1,0,150,7,1,7,1325000,0,3,96
5,8,2,0,170,11,1,7,2150000,0,3,96
0,15,0,0,95,4,1,6,1350000,0,4,48
1,6,0,0,120,7,1,5,1380000,0,4,51
8,13,1,0,135,7,1,7,1360000,0,4,48
0,14,0,0,145,7,2,6,1790000,0,4,38
0,2,0,0,200,11,3,5,5500000,0,4,49
0,5,0,0,135,7,1,5,1875000,0,3,35
0,14,0,0,95,5,2,7,1125000,0,3,116
0,10,0,0,95,4,1,6,1750000,0,4,124
0,14,0,0,135,7,1,6,1950000,0,4,135
0,9,0,0,120,7,1,6,2000000,0,4,11
7,9,2,0,120,5,1,6,1120000,0,4,9
8,13,1,0,120,7,2,6,1600000,0,4,135
0,14,0,0,155,11,1,6,2350000,0,3,6
0,14,0,0,110,7,2,7,1310000,0,3,111
0,10,0,0,149,11,1,6,1800000,0,4,15
0,8,0,0,140,7,1,5,1475000,0,3,116
7,12,1,0,130,7,1,6,1600000,0,4,135
0,10,0,0,130,7,1,6,1890000,0,4,124
6,15,2,0,132,7,1,7,1690000,0,4,135
0,14,0,0,140,11,1,7,2800000,0,4,1
8,15,1,0,120,7,2,6,1599000,0,4,135
0,3,0,0,430,12,1,5,10500000,0,4,34
1,10,2,0,135,7,1,7,1550000,0,4,15
3,11,1,0,120,7,1,5,1135000,0,3,116
0,11,0,0,135,8,1,6,1950000,0,3,20
0,9,0,0,130,7,1,6,1650000,0,3,137
0,13,0,0,140,7,1,7,2050000,0,3,99
1,23,0,0,185,11,1,7,7500000,0,3,96
0,11,0,0,100,4,1,5,1700000,0,4,82
4,9,2,0,130,7,1,7,2245000,0,4,79
0,6,0,0,140,7,1,5,1880000,0,4,31
7,12,0,0,200,11,1,6,5700000,0,3,33
0,12,0,0,135,7,1,7,1750000,0,3,116
0,12,0,0,125,7,1,3,1650000,0,3,131
0,14,0,0,100,7,1,6,560000,0,4,124
3,4,1,0,100,28,1,5,2450000,0,4,93
0,6,0,0,135,7,1,5,1900000,0,3,88
5,3,0,0,160,7,1,5,1200000,0,3,16
0,12,0,0,120,5,1,7,540000,0,4,124
2,3,1,0,100,4,1,5,840000,0,3,46
2,14,2,0,130,7,1,7,1615000,0,3,113
0,12,0,0,150,11,2,6,1650000,0,4,135
0,14,0,0,120,7,1,6,1750000,0,3,105
1,7,0,0,130,7,1,5,1980000,0,3,88
5,3,2,0,115,7,1,0,775000,0,4,82
2,14,1,0,135,7,2,7,1510000,0,4,17
2,10,1,0,140,7,1,7,1125000,0,3,92
0,12,0,0,120,7,1,6,1730000,0,4,56
5,7,1,0,125,7,1,5,945000,0,3,50
8,12,0,0,240,11,1,6,4575000,0,3,87
5,1,0,0,145,11,8,2,350000,0,3,58
8,3,2,0,350,21,7,5,12500000,0,4,19
0,14,0,0,160,11,1,6,3600000,0,4,48
8,14,2,0,165,11,1,6,5150000,0,3,128
8,3,2,0,350,21,7,5,11500000,0,4,83
0,12,0,0,90,4,1,6,235000,0,4,124
8,10,1,0,135,7,1,7,1283000,0,3,65
3,12,1,0,100,7,1,7,670000,0,4,87
5,7,1,0,135,7,1,5,1550000,0,3,50
8,14,2,0,125,7,2,6,1600000,0,3,113
0,12,0,0,120,7,1,7,1850000,0,3,131
5,3,0,0,125,7,1,5,1250000,0,4,38
0,9,0,0,135,7,1,6,1975000,0,4,135
0,12,0,0,140,7,1,7,1555000,0,4,138
0,12,0,0,140,9,2,6,1895000,0,4,135
5,3,1,0,140,7,3,5,6200000,0,4,15
0,12,0,0,140,7,1,6,2000000,0,4,48
4,10,2,0,110,4,1,7,1580000,0,4,74
8,12,2,0,135,7,1,6,1400000,0,4,48
0,10,0,0,110,4,1,6,1800000,0,4,135
0,10,0,0,125,7,1,7,2300000,0,4,135
5,2,0,0,140,4,4,9,5500000,0,3,24
0,14,0,0,140,9,1,6,1750000,0,4,48
0,10,0,0,125,7,1,6,1350000,0,4,15
0,10,0,0,125,7,1,7,1350000,0,4,138
0,14,2,0,160,11,1,6,2000000,0,4,135
8,11,1,0,165,11,1,7,2225000,0,3,33
8,3,0,0,1860,28,7,3,10500000,0,4,87
8,3,2,0,450,28,8,3,4250000,0,4,18
5,3,1,0,90,4,5,5,420000,0,3,118
8,14,1,0,30,1,1,6,850000,0,7,86
5,1,0,0,42,3,8,2,1100000,0,7,108
2,9,0,0,145,7,1,7,1950000,0,7,119
2,14,1,0,110,7,2,7,1235000,0,7,86
0,14,0,0,140,11,1,6,2585000,0,7,86
2,13,0,0,200,11,1,6,2875000,0,7,86
0,1,0,0,155,1,8,9,1890000,0,2,4
8,13,0,0,110,7,1,6,2200000,0,7,86
8,14,2,0,150,7,2,6,2100000,0,7,15
0,7,0,0,90,5,1,5,1950000,0,7,108
4,4,0,0,170,11,10,5,1575000,0,1,63
2,14,1,0,135,7,2,6,1500000,0,7,86
4,13,1,0,85,4,1,6,1400000,0,7,86
8,14,1,0,90,4,2,6,1250000,0,7,86
8,13,1,0,165,7,2,6,2200000,0,7,119
1,14,1,0,100,4,1,6,1375000,0,7,86
1,1,2,0,100,1,1,9,3000000,0,10,44
0,14,0,0,125,7,1,7,377000,0,7,86
0,14,0,0,105,7,1,7,306000,0,7,86
0,10,0,0,100,4,1,7,265000,0,7,86
0,2,0,0,200,9,8,5,4250000,0,2,21
2,14,1,0,125,7,2,7,1240000,0,7,86
8,4,2,0,140,7,1,5,1575000,0,1,26
3,15,0,0,125,7,1,7,1265000,0,7,86
7,14,2,0,160,7,2,6,1950000,0,7,86
8,4,2,0,100,4,8,5,1250000,0,7,15
8,8,1,0,135,7,1,7,2000000,0,7,86
8,14,0,0,135,7,1,7,1450000,0,7,86
0,14,0,0,130,7,1,7,1550000,0,7,86
2,15,0,0,135,7,2,7,1347500,0,7,86
3,14,0,0,135,7,2,7,1400000,0,7,86
2,14,2,0,135,7,1,6,1250000,0,7,86
1,4,1,0,85,4,1,5,1195000,0,1,14
0,4,0,0,120,7,8,5,1260000,0,1,85
2,12,1,0,125,7,1,6,1795000,0,7,119
0,10,0,0,145,9,1,6,2350000,0,7,86
4,14,1,0,155,7,1,6,2525000,0,7,86
8,2,0,0,220,20,8,5,4950000,0,7,125
5,3,2,0,400,21,8,5,4350000,0,7,108
1,2,1,0,95,5,1,5,1499000,0,7,77
8,6,1,0,135,6,1,5,1375000,0,7,119
8,14,2,0,130,7,1,6,1587000,0,7,86
8,14,0,0,85,4,1,6,1410000,0,7,119
0,3,0,0,110,7,1,5,1750000,0,1,63
8,14,0,0,165,7,1,5,1980000,0,7,119
8,14,0,0,155,7,2,6,1625000,0,7,86
8,14,0,0,250,11,2,6,2799000,0,7,86
8,14,2,0,135,7,1,6,1650000,0,7,86
8,7,1,0,70,1,1,7,955000,0,7,86
8,14,0,0,135,7,1,7,1625000,0,7,119
8,14,1,0,135,7,1,7,1450000,0,7,86
0,4,0,0,99,4,1,5,1250000,0,1,95
8,14,0,0,125,7,2,6,1585000,0,7,86
7,14,0,0,135,7,2,6,2200000,0,7,86
1,14,1,0,100,5,1,6,1580000,0,7,86
4,14,1,0,100,5,1,6,1380000,0,7,86
4,14,1,0,115,4,1,6,1365000,0,7,86
5,1,2,0,100,4,6,5,850000,0,1,57
2,15,1,0,115,7,1,6,1200000,0,7,86
8,15,2,0,145,7,2,7,1690000,0,7,86
8,14,2,0,140,7,2,6,1350000,0,7,86
2,4,2,0,154,11,3,5,1450000,0,1,118
2,2,2,0,220,26,7,9,1930000,0,5,45
0,3,1,0,85,5,1,5,1359000,0,7,86
8,8,1,0,50,1,1,7,965000,0,7,86
2,14,1,0,140,7,2,7,1350000,0,7,119
5,3,1,0,120,7,1,7,1400000,0,7,15
2,15,2,0,110,7,1,7,1195000,0,7,86
8,8,2,0,115,7,1,6,2050000,0,7,86
8,14,1,0,160,9,1,6,2080000,0,7,86
2,14,1,0,135,7,2,7,1350000,0,7,119
2,14,0,0,135,7,1,7,1375000,0,7,86
1,7,1,0,60,1,1,6,1100000,0,7,15
0,14,0,0,210,11,1,6,5500000,0,7,15
0,14,0,0,135,7,1,6,2775000,0,7,86
0,5,0,0,75,4,1,5,1150000,0,1,63
6,9,0,0,140,7,1,6,1650000,0,7,86
7,14,1,0,150,7,2,6,1999000,0,7,86
0,13,0,0,150,7,1,6,2280000,0,7,15
2,14,2,0,135,7,2,7,1350000,0,7,86
2,15,0,0,110,7,2,7,1270000,0,7,86
8,7,1,0,55,1,1,6,935000,0,7,86
0,4,0,0,125,7,1,5,1320000,0,1,5
8,14,0,0,185,7,1,6,1850000,0,7,86
0,14,0,0,140,7,2,7,1630000,0,7,86
8,14,1,0,135,7,2,6,1330000,0,7,86
0,14,0,0,175,11,1,6,2850000,0,7,86
5,3,1,0,100,7,1,5,960000,0,7,15
2,8,0,0,110,4,1,5,1220000,0,7,119
7,14,2,0,145,9,1,6,2299000,0,7,86
0,4,0,0,80,4,1,5,1350000,0,7,86
0,14,0,0,155,11,1,6,3650000,0,7,86
2,11,0,0,140,7,1,5,2150000,0,7,119
8,6,2,0,115,7,1,5,1500000,0,1,133
7,14,2,0,145,7,2,6,1694000,0,7,86
6,14,2,0,180,11,1,7,3400000,0,7,15
0,5,0,0,90,6,1,5,1675000,0,7,15
8,8,0,0,145,7,1,5,1700000,0,7,86
2,15,1,0,150,7,1,7,1850000,0,7,15
8,14,2,0,100,5,2,6,1400000,0,7,86
0,14,0,0,90,4,1,6,2250000,0,7,15
8,10,1,0,100,4,1,6,1460000,0,7,119
8,14,1,0,145,7,1,6,1700000,0,7,119
8,10,0,0,180,11,1,6,2380000,0,7,119
8,14,2,0,110,7,1,8,1230000,0,7,86
0,2,0,0,175,11,8,5,4950000,0,2,117
3,4,0,0,150,7,1,5,1300000,0,1,85
0,14,0,0,90,5,1,6,1475000,0,7,86
0,8,0,0,100,5,1,6,1600000,0,7,77
0,14,0,0,140,7,1,6,2520000,0,7,86
2,12,0,0,140,7,1,6,2150000,0,7,63
2,14,0,0,175,7,2,5,1890000,0,7,86
2,15,1,0,135,7,2,7,1395000,0,7,86
0,14,0,0,100,5,1,7,1549000,0,7,86
8,14,1,0,115,7,2,6,1410000,0,7,86
8,14,2,0,125,7,2,6,1425000,0,7,86
8,2,0,0,135,0,8,2,1210000,0,7,86
1,1,0,0,3999,1,6,9,1485000,0,7,80
2,14,2,0,180,11,1,5,2745000,0,7,119
8,14,2,0,140,7,2,6,1419000,0,7,86
0,5,0,0,110,7,8,5,1100000,0,1,14
8,4,0,0,100,4,9,2,1200000,0,1,63
1,14,1,0,85,4,1,6,1350000,0,7,86
7,14,2,0,140,7,2,6,1990000,0,7,86
2,4,2,0,480,19,8,5,17950000,0,7,125
0,14,0,0,180,11,1,6,3500000,0,7,86
0,14,0,0,140,7,1,6,1825000,0,7,86
2,14,2,0,125,7,2,6,1420000,0,7,86
8,14,0,0,135,7,1,6,1600000,0,7,86
0,14,0,0,90,5,1,6,1500000,0,7,86
2,10,1,0,140,7,1,5,1640000,0,7,119
0,10,0,0,140,7,1,7,3400000,0,7,86
0,5,0,0,90,4,1,2,1300000,0,1,89
8,14,1,0,90,4,1,6,1375000,0,7,86
1,1,2,0,125,7,8,9,2500000,0,10,44
8,14,2,0,135,7,2,6,1525000,0,7,86
8,2,0,0,125,0,8,2,1550000,0,1,118
8,14,1,0,135,7,2,7,1420000,0,7,86
0,10,0,0,90,5,1,6,1579000,0,7,77
0,5,0,0,49,29,1,5,699000,0,1,41
4,14,0,0,140,7,1,6,1675000,0,7,86
5,4,0,0,90,4,8,9,750000,0,1,133
5,3,2,0,95,4,8,5,800000,0,1,5
7,3,2,0,140,7,1,5,1800000,0,1,136
8,13,1,0,145,7,2,7,1650000,0,7,119
7,10,0,0,145,7,1,6,2000000,0,7,108
2,15,0,0,135,7,1,7,1320000,0,7,86
8,12,1,0,160,7,1,5,1920000,0,7,86
5,2,2,0,100,17,8,9,2500000,0,7,63
2,4,0,0,260,21,4,5,6150000,0,7,63
2,3,2,0,3014,28,4,5,10950000,0,2,21
0,12,0,0,138,7,1,6,3200000,0,7,86
8,14,0,0,150,7,1,7,1950000,0,7,86
2,2,0,0,1235,7,3,9,9500000,0,7,125
5,3,1,0,80,4,1,9,500000,0,1,63
8,14,0,0,155,7,1,6,1525000,0,7,86
2,14,1,0,160,11,2,7,2300000,0,7,86
0,3,0,0,320,23,8,5,9500000,0,7,125
8,4,1,0,145,11,1,5,1700000,0,2,3
2,14,1,0,145,7,1,6,1965000,0,7,15
4,14,0,0,150,7,2,6,2200000,0,7,86
0,2,0,0,411,6,8,9,750000,0,0,134
7,14,1,0,65,7,1,6,825000,0,7,86
5,4,1,0,110,7,1,5,1050000,0,7,86
4,3,1,0,100,4,8,7,1390000,0,7,15
8,14,2,0,155,7,1,7,2599000,0,7,119
1,6,1,0,78,4,1,5,1285000,0,7,108
2,13,2,0,200,11,8,6,1990000,0,7,119
0,2,0,0,200,9,7,2,4000000,0,2,4
5,2,0,0,170,23,6,9,4900000,0,7,77
0,11,0,0,135,7,1,6,2400000,0,7,15
0,5,0,0,115,7,1,5,1350000,0,1,63
0,14,0,0,105,7,1,7,345000,0,7,86
2,3,0,0,260,21,3,7,6150000,0,7,63
8,14,0,0,125,7,2,6,1585000,0,7,86
2,5,0,0,200,12,1,5,3250000,0,7,77
6,14,0,0,135,7,2,6,2300000,0,7,86
8,14,0,0,155,7,1,6,1525000,0,7,86
4,14,0,0,100,4,2,6,1410000,0,7,86
7,14,2,0,140,7,1,6,2070000,0,7,86
7,14,0,0,150,7,1,6,1950000,0,7,86
0,14,0,0,126,7,2,6,3499000,0,7,86
7,14,2,0,130,7,2,6,1565000,0,7,86
7,14,0,0,130,7,1,6,1435000,0,7,86
7,14,0,0,140,7,1,6,1540000,0,7,86
2,15,1,0,140,7,2,7,1385000,0,7,86
0,10,0,0,100,4,1,6,265000,0,7,86
8,4,1,0,145,9,1,5,1700000,0,2,3
7,2,2,0,150,7,3,5,2500000,0,1,129
6,14,0,0,115,7,1,6,1350000,0,7,86
8,15,1,0,175,7,2,5,1800000,0,7,86
0,4,0,0,120,7,1,5,1350000,0,1,15
2,13,1,0,135,7,1,6,1665000,0,7,119
5,3,2,0,120,7,8,5,880000,0,1,118
7,14,0,0,125,7,1,6,1350000,0,7,86
8,14,1,0,175,7,1,7,2145000,0,7,15
8,14,2,0,135,7,2,7,1400000,0,7,86
0,5,0,0,110,6,1,6,1445000,0,7,15
0,2,0,0,150,11,8,5,4150000,0,2,21
2,14,1,0,125,7,2,7,1135000,0,7,86
8,14,1,0,135,7,1,6,1675000,0,7,86
6,5,0,0,85,7,1,6,885000,0,10,69
0,2,0,0,90,4,1,5,1375000,0,7,77
7,14,2,0,135,7,1,6,1449000,0,7,86
2,3,2,0,370,20,8,5,17900000,0,7,63
2,13,1,0,135,7,1,6,1665000,0,7,119
5,2,0,0,110,7,1,5,1200000,0,1,13
0,11,0,0,115,7,1,6,2400000,0,7,15
8,8,0,0,65,1,1,7,875000,0,7,86
8,12,2,0,210,11,8,6,2090000,0,7,119
3,15,1,0,100,7,1,7,1200000,0,7,86
0,4,0,0,70,4,1,5,950000,0,1,63
0,6,0,0,118,7,1,5,2250000,0,1,118
8,3,0,0,440,16,7,5,10500000,0,7,125
0,5,0,0,85,4,1,5,1250000,0,1,118
8,14,0,0,130,7,2,6,1600000,0,7,86
2,10,2,0,140,7,1,5,1599000,0,7,119
8,14,0,0,145,11,1,6,1670000,0,7,119
1,1,2,0,100,5,7,3,4250000,0,2,117
8,7,2,0,129,7,8,5,1019000,0,1,14
6,13,0,0,140,7,2,6,2530000,0,7,86
8,14,1,0,135,7,1,7,1430000,0,7,86
7,7,0,0,90,4,1,5,1219000,0,7,86
8,14,1,0,40,1,2,6,925000,0,7,86
8,14,0,0,100,5,1,6,1490000,0,7,86
5,15,1,0,120,7,2,7,1300000,0,7,86
8,5,0,0,160,9,1,5,1870000,0,7,15
8,10,2,0,230,11,1,7,2940000,0,7,15
2,15,1,0,118,7,1,7,1400000,0,7,86
2,14,2,0,210,11,2,5,4000000,0,7,15
2,15,0,0,110,7,1,7,1175000,0,7,86
3,4,0,0,120,7,1,5,1200000,0,10,70
8,4,1,0,55,1,1,7,780000,0,7,77
0,6,0,0,138,7,1,6,1720000,0,10,53
3,5,1,0,145,7,1,5,2750000,0,7,15
5,2,2,0,400,4,8,9,985000,0,10,106
2,15,0,0,175,7,1,5,1450000,0,7,86
2,15,1,0,110,7,2,7,1150000,0,7,86
1,14,1,0,175,11,1,6,2650000,0,7,86
1,14,2,0,133,7,1,6,2550000,0,7,86
2,13,2,0,190,11,1,5,3020000,0,7,119
8,13,0,0,165,7,1,5,2699000,0,7,15
8,14,2,0,145,7,2,6,2200000,0,7,86
3,8,0,0,135,7,1,7,1670000,0,7,15
8,11,0,0,140,7,1,6,1795000,0,7,15
0,10,0,0,130,7,1,7,2329000,0,7,15
2,15,0,0,115,7,1,7,1043000,0,7,86
0,6,0,0,120,4,1,6,1400000,0,7,86
4,4,2,0,110,7,1,5,925000,0,1,133
5,3,2,0,160,7,1,5,3500000,0,1,133
3,1,0,0,140,5,3,0,2000000,0,7,63
8,1,0,0,100,4,3,9,2495000,0,7,62
7,14,1,0,145,7,1,6,1690000,0,7,86
0,14,0,0,110,4,1,6,2075000,0,7,15
5,3,2,0,280,27,6,5,4000000,0,7,108
0,9,0,0,100,5,1,6,1530000,0,7,15
8,12,2,0,150,7,1,5,1690000,0,7,119
8,10,2,0,170,11,1,7,2450000,0,7,119
0,4,0,0,120,7,10,5,1650000,0,1,89
0,9,0,0,155,11,1,6,2950000,0,7,86
2,4,0,0,140,7,8,5,935000,0,2,3
5,2,0,0,779,28,1,9,1500000,0,10,106
3,3,0,0,450,28,4,5,11500000,0,7,125
0,14,0,0,150,7,1,6,2780000,0,7,86
6,2,2,0,380,26,1,5,7500000,0,1,85
8,13,1,0,180,7,1,5,3140000,0,7,77
3,3,2,0,1249,20,8,5,12000000,0,7,125
0,2,0,0,260,20,8,10,11450000,0,7,108
6,3,0,0,350,20,8,5,9500000,0,7,125
5,3,0,0,450,28,8,5,9250000,0,7,125
8,13,0,0,160,7,1,6,2490000,0,7,63
6,14,0,0,130,7,1,6,1650000,0,7,86
4,14,1,0,170,9,2,6,2950000,0,7,86
0,9,0,0,130,9,1,7,3500000,0,7,77
0,2,0,0,400,26,8,10,25250000,0,7,125
0,9,0,0,130,9,1,6,3400000,0,7,77
0,2,0,0,297,20,8,5,13500000,0,7,125
0,9,0,0,165,14,1,6,6500000,0,7,15
0,6,0,0,80,4,1,6,1300000,0,7,77
4,1,0,0,3874,7,6,9,2000000,0,6,123
5,4,1,0,85,4,8,5,875000,0,7,119
3,15,1,0,145,7,2,7,1280000,0,7,86
7,1,2,0,180,7,8,9,2750000,0,2,71
2,14,2,0,110,7,2,6,985000,0,7,86
0,9,0,0,120,7,1,6,1750000,0,7,119
8,14,0,0,150,7,1,7,1600000,0,7,86
2,14,1,0,185,11,1,7,2100000,0,7,15
6,4,1,0,140,7,1,5,1350000,0,9,68
1,14,1,0,100,4,1,6,1425000,0,7,86
0,14,0,0,135,7,1,6,1950000,0,7,86
0,5,0,0,120,7,1,5,1340000,0,1,95
8,4,1,0,120,7,1,5,1650000,0,1,118
0,2,0,0,200,16,7,5,3500000,0,0,25
8,14,0,0,130,7,1,6,1550000,0,7,86
8,14,0,0,150,7,2,6,2350000,0,7,86
2,14,2,0,130,7,1,6,1399000,0,7,86
5,3,0,0,110,7,1,5,980000,0,7,77
7,14,1,0,125,7,1,6,1290000,0,7,86
0,8,0,0,100,5,1,5,1975000,0,7,86
7,3,0,0,75,4,1,6,750000,0,10,101
0,14,1,0,165,7,1,6,1900000,0,7,86
8,14,1,0,140,7,1,5,1450000,0,7,86
8,5,2,0,125,7,10,5,1350000,0,1,118
0,8,0,0,80,4,1,5,1500000,0,7,15
4,4,0,0,115,7,1,5,1150000,0,1,63
8,10,1,0,135,7,1,7,1750000,0,7,86
0,14,0,0,190,11,1,6,2150000,0,7,86
0,14,0,0,140,11,1,6,2764000,0,7,86
5,9,0,0,100,7,1,7,1050000,0,7,15
8,3,0,0,135,7,8,5,1450000,0,1,95
0,4,0,0,115,7,8,5,1200000,0,1,95
0,9,0,0,108,9,1,6,2350000,0,7,86
8,14,2,0,140,9,2,7,1650000,0,7,86
0,14,0,0,150,7,2,6,1865000,0,7,108
0,4,0,0,90,4,1,5,1300000,0,1,118
8,6,0,0,120,7,5,5,700000,0,1,95
5,2,0,0,120,7,8,5,2550000,0,1,85
0,1,0,0,80,1,7,9,451750,0,8,55
0,14,0,0,140,7,1,7,2300000,0,7,15
1,7,0,0,90,4,1,5,1450000,0,1,41
0,4,0,0,80,4,1,5,850000,0,1,63
0,2,0,0,120,7,8,5,2525000,0,1,14
4,4,1,0,115,7,8,5,1050000,0,1,63
0,4,0,0,110,7,1,5,975000,0,1,118
0,14,0,0,135,9,1,3,2850000,0,7,86
0,4,0,0,120,7,8,5,1200000,0,1,85
0,8,0,0,90,4,1,5,1425000,0,7,15
0,10,0,0,100,5,1,6,1800000,0,7,77
0,2,0,0,260,16,4,5,18000000,0,7,108
1,14,0,0,170,7,1,6,2950000,0,7,86
0,10,0,0,90,4,1,7,1500000,0,7,119
8,14,1,0,150,7,1,6,1750000,0,7,119
2,14,2,0,145,7,1,7,1900000,0,7,86
4,14,2,0,130,7,1,6,2100000,0,7,86
7,14,2,0,136,5,2,6,1595000,0,7,86
2,14,1,0,140,7,1,6,1499000,0,7,119
0,4,0,0,140,7,1,5,1650000,0,1,15
5,2,2,0,1830,28,8,9,11000000,0,7,63
2,13,2,0,140,7,2,5,1899000,0,7,119
8,12,0,0,155,7,2,7,1850000,0,7,86
7,4,1,0,100,5,1,5,1595000,0,7,77
8,10,2,0,175,11,1,7,2490000,0,7,63
0,4,0,0,115,7,1,5,1250000,0,1,95
8,14,0,0,135,7,1,7,1625000,0,7,86
8,14,1,0,140,7,2,6,1750000,0,7,86
8,8,0,0,60,1,1,7,825000,0,7,86
7,14,0,0,125,7,2,6,1585000,0,7,86
2,4,0,0,350,28,7,5,8500000,0,7,125
8,2,0,0,4000,14,3,9,4750000,0,2,21
6,4,0,0,120,7,1,5,1550000,0,1,15
1,2,0,0,200,14,7,5,5800000,0,2,4
2,13,1,0,100,4,8,7,1045000,0,7,15
8,4,2,0,110,4,1,5,950000,0,1,136
0,5,0,0,115,7,1,5,1200000,0,1,14
8,14,0,0,185,11,1,5,2699000,0,7,15
7,13,2,0,174,7,2,6,2000000,0,7,86
8,10,1,0,65,1,1,6,755000,0,7,86
5,12,1,0,150,7,1,7,1250000,0,7,86
1,14,1,0,150,7,2,6,1675000,0,7,86
7,2,2,0,225,7,8,5,7250000,0,2,21
8,15,2,0,180,7,1,6,2000000,0,7,86
0,5,0,0,115,7,1,5,1200000,0,1,14
3,3,0,0,450,28,7,5,11500000,0,7,125
0,5,0,0,170,7,1,10,2400000,0,7,77
4,2,0,0,350,17,7,5,11250000,0,7,125
0,14,0,0,100,5,1,6,1535000,0,7,86
0,2,0,0,260,16,3,5,18000000,0,7,108
2,15,0,0,120,7,1,7,1150000,0,7,86
8,15,2,0,320,13,2,6,2900000,0,7,86
2,8,1,0,25,0,8,4,250000,0,7,119
5,3,2,0,125,7,8,9,650000,0,1,136
0,2,0,0,200,16,3,10,12250000,0,7,108
8,5,0,0,220,12,1,5,3250000,0,7,77
0,1,0,0,85,29,8,5,10000000,0,7,63
2,12,0,0,160,7,1,7,2450000,0,7,15
8,14,1,0,120,7,2,6,1310000,0,7,86
4,14,2,0,175,9,2,7,1820000,0,7,86
1,14,0,0,140,7,2,6,1650000,0,7,86
8,14,1,0,90,4,1,6,1350000,0,7,86
0,5,0,0,145,11,1,5,1695000,0,1,89
5,1,2,0,558,7,8,9,2750000,0,7,63
0,5,2,0,165,11,1,5,1700000,0,1,89
8,12,0,0,150,7,1,5,1490000,0,7,86
2,12,2,0,170,7,1,5,1550000,0,7,86
0,12,0,0,135,7,1,6,2349000,0,7,86
0,6,0,0,100,4,1,5,1490000,0,7,86
7,14,1,0,60,1,2,6,850000,0,7,86
8,13,1,0,255,16,10,5,3100000,0,7,15
0,4,0,0,85,4,1,5,1450000,0,1,133
6,5,0,0,130,7,1,5,1300000,0,1,118
8,3,1,0,90,1,10,5,800000,0,1,14
1,2,0,0,65,1,10,5,800000,0,1,89
8,5,2,0,130,4,1,5,1250000,0,1,118
0,5,1,0,107,7,8,5,1212121,0,1,89
0,8,0,0,90,4,1,5,1450000,0,7,15
0,14,0,0,145,11,1,6,2450000,0,7,86
8,12,1,0,170,11,1,5,1895000,0,7,15
8,14,1,0,140,7,1,7,1750000,0,7,86
7,14,1,0,150,7,1,7,1950000,0,7,86
0,4,0,0,110,7,1,5,1350000,0,1,118
2,7,1,0,150,7,1,5,1125000,0,7,77
2,15,0,0,145,7,2,6,1850000,0,7,86
8,4,1,0,160,7,1,5,1750000,0,1,133
7,5,2,0,120,7,6,5,1000000,0,1,26
4,2,2,0,140,20,3,5,7500000,0,1,129
0,14,0,0,140,7,1,7,2300000,0,7,15
0,10,0,0,130,7,1,7,1500000,0,7,63
2,3,0,0,500,28,7,5,20000000,0,7,125
2,2,2,0,140,7,6,9,1500000,0,6,123
0,14,0,0,115,7,2,6,1950000,0,7,86
0,14,0,0,135,7,1,6,1700000,0,7,86
2,5,2,0,110,7,1,5,1200000,0,1,63
0,14,0,0,145,11,1,6,2875000,0,7,86
5,2,2,0,125,7,6,5,1100000,0,1,14
8,9,2,0,110,7,1,6,1750000,0,7,119
8,3,2,0,700,25,1,7,6000000,0,2,125
0,2,2,0,120,4,6,5,1550000,0,1,32
8,14,0,0,140,7,1,7,1440000,0,7,86
0,14,0,0,115,7,1,6,1925000,0,7,86
0,4,2,0,90,4,1,5,1850000,0,1,133
0,5,2,0,115,7,1,5,1300000,0,1,5
0,3,0,0,180,17,6,9,2500000,0,6,123
7,4,1,0,115,7,1,5,1480000,0,1,95
0,5,0,0,115,7,1,5,1300000,0,1,42
0,5,0,0,115,7,1,5,1300000,0,1,42
2,7,1,0,155,7,1,7,1850000,0,7,15
0,2,0,0,256,16,8,5,6550000,0,2,3
8,12,1,0,165,11,8,5,1400000,0,7,15
1,14,0,0,132,9,1,6,2450000,0,7,86
5,1,2,0,120,7,8,9,410000,0,1,95
7,2,0,0,540,11,7,5,7590000,0,2,4
8,15,0,0,120,7,1,7,1350000,0,7,86
5,2,1,0,140,7,4,9,2100000,0,7,77
